--------------------------------------------------------
-- Archivo creado  - martes-junio-16-2026   
--------------------------------------------------------
--------------------------------------------------------
--  DDL for Table ASIGNACION_MAQUINARIA
--------------------------------------------------------

  CREATE TABLE "PROYECTO"."ASIGNACION_MAQUINARIA" 
   (	"ID_ASIG_MAQUINARIA" VARCHAR2(5 BYTE) COLLATE "USING_NLS_COMP", 
	"FECHA_INICIO" DATE, 
	"FECHA_FIN" DATE, 
	"HORAS_USO" NUMBER(10,2) DEFAULT 0, 
	"ID_MAQUINARIA" VARCHAR2(5 BYTE) COLLATE "USING_NLS_COMP", 
	"ID_PROYECTO" VARCHAR2(5 BYTE) COLLATE "USING_NLS_COMP"
   )  DEFAULT COLLATION "USING_NLS_COMP" SEGMENT CREATION IMMEDIATE 
  PCTFREE 10 PCTUSED 40 INITRANS 10 MAXTRANS 255 
 NOCOMPRESS LOGGING
  STORAGE(INITIAL 65536 NEXT 1048576 MINEXTENTS 1 MAXEXTENTS 2147483645
  PCTINCREASE 0 FREELISTS 1 FREELIST GROUPS 1
  BUFFER_POOL DEFAULT FLASH_CACHE DEFAULT CELL_FLASH_CACHE DEFAULT)
  TABLESPACE "DATA" ;
--------------------------------------------------------
--  DDL for Table ASIGNACION_PROYECTO
--------------------------------------------------------

  CREATE TABLE "PROYECTO"."ASIGNACION_PROYECTO" 
   (	"ID_ASIG_PROYECTO" VARCHAR2(5 BYTE) COLLATE "USING_NLS_COMP", 
	"FECHA_INICIO" DATE, 
	"FECHA_FIN" DATE, 
	"HORAS_TRABAJADAS" NUMBER(10,2) DEFAULT 0, 
	"ID_EMPLEADO" VARCHAR2(5 BYTE) COLLATE "USING_NLS_COMP", 
	"ID_PROYECTO" VARCHAR2(5 BYTE) COLLATE "USING_NLS_COMP"
   )  DEFAULT COLLATION "USING_NLS_COMP" SEGMENT CREATION IMMEDIATE 
  PCTFREE 10 PCTUSED 40 INITRANS 10 MAXTRANS 255 
 NOCOMPRESS LOGGING
  STORAGE(INITIAL 65536 NEXT 1048576 MINEXTENTS 1 MAXEXTENTS 2147483645
  PCTINCREASE 0 FREELISTS 1 FREELIST GROUPS 1
  BUFFER_POOL DEFAULT FLASH_CACHE DEFAULT CELL_FLASH_CACHE DEFAULT)
  TABLESPACE "DATA" ;
--------------------------------------------------------
--  DDL for Table CLIENTES
--------------------------------------------------------

  CREATE TABLE "PROYECTO"."CLIENTES" 
   (	"ID_CLIENTE" VARCHAR2(5 BYTE) COLLATE "USING_NLS_COMP", 
	"NOMBRE" VARCHAR2(50 BYTE) COLLATE "USING_NLS_COMP", 
	"APELLIDO" VARCHAR2(50 BYTE) COLLATE "USING_NLS_COMP", 
	"TELEFONO" VARCHAR2(50 BYTE) COLLATE "USING_NLS_COMP", 
	"CORREO" VARCHAR2(50 BYTE) COLLATE "USING_NLS_COMP", 
	"DIRECCION" VARCHAR2(50 BYTE) COLLATE "USING_NLS_COMP"
   )  DEFAULT COLLATION "USING_NLS_COMP" SEGMENT CREATION IMMEDIATE 
  PCTFREE 10 PCTUSED 40 INITRANS 10 MAXTRANS 255 
 NOCOMPRESS LOGGING
  STORAGE(INITIAL 65536 NEXT 1048576 MINEXTENTS 1 MAXEXTENTS 2147483645
  PCTINCREASE 0 FREELISTS 1 FREELIST GROUPS 1
  BUFFER_POOL DEFAULT FLASH_CACHE DEFAULT CELL_FLASH_CACHE DEFAULT)
  TABLESPACE "DATA" ;
--------------------------------------------------------
--  DDL for Table CONTROL_COMBUSTIBLE
--------------------------------------------------------

  CREATE TABLE "PROYECTO"."CONTROL_COMBUSTIBLE" 
   (	"ID_CONTROL_COMBUSTIBLE" VARCHAR2(5 BYTE) COLLATE "USING_NLS_COMP", 
	"FECHA" DATE, 
	"CANTIDAD_LITROS" NUMBER(10,2), 
	"COSTO" NUMBER(10,2), 
	"ODOMETRO" NUMBER(10,0), 
	"ID_MAQUINARIA" VARCHAR2(5 BYTE) COLLATE "USING_NLS_COMP", 
	"ID_PROYECTO" VARCHAR2(5 BYTE) COLLATE "USING_NLS_COMP"
   )  DEFAULT COLLATION "USING_NLS_COMP" SEGMENT CREATION IMMEDIATE 
  PCTFREE 10 PCTUSED 40 INITRANS 10 MAXTRANS 255 
 NOCOMPRESS LOGGING
  STORAGE(INITIAL 65536 NEXT 1048576 MINEXTENTS 1 MAXEXTENTS 2147483645
  PCTINCREASE 0 FREELISTS 1 FREELIST GROUPS 1
  BUFFER_POOL DEFAULT FLASH_CACHE DEFAULT CELL_FLASH_CACHE DEFAULT)
  TABLESPACE "DATA" ;
--------------------------------------------------------
--  DDL for Table DETALLE_ORDEN_COMPRA
--------------------------------------------------------

  CREATE TABLE "PROYECTO"."DETALLE_ORDEN_COMPRA" 
   (	"ID_DETALLE_ORDEN_COMPRA" VARCHAR2(5 BYTE) COLLATE "USING_NLS_COMP", 
	"CANTIDAD" NUMBER(10,2), 
	"PRECIO_UNITARIO" NUMBER(12,2), 
	"SUBTOTAL" NUMBER(10,2), 
	"ID_ORDEN_COMPRA" VARCHAR2(5 BYTE) COLLATE "USING_NLS_COMP", 
	"ID_MATERIAL" VARCHAR2(5 BYTE) COLLATE "USING_NLS_COMP"
   )  DEFAULT COLLATION "USING_NLS_COMP" SEGMENT CREATION IMMEDIATE 
  PCTFREE 10 PCTUSED 40 INITRANS 10 MAXTRANS 255 
 NOCOMPRESS LOGGING
  STORAGE(INITIAL 65536 NEXT 1048576 MINEXTENTS 1 MAXEXTENTS 2147483645
  PCTINCREASE 0 FREELISTS 1 FREELIST GROUPS 1
  BUFFER_POOL DEFAULT FLASH_CACHE DEFAULT CELL_FLASH_CACHE DEFAULT)
  TABLESPACE "DATA" ;
--------------------------------------------------------
--  DDL for Table EMPLEADOS
--------------------------------------------------------

  CREATE TABLE "PROYECTO"."EMPLEADOS" 
   (	"ID_EMPLEADO" VARCHAR2(5 BYTE) COLLATE "USING_NLS_COMP", 
	"NOMBRE" VARCHAR2(50 BYTE) COLLATE "USING_NLS_COMP", 
	"APELLIDO" VARCHAR2(50 BYTE) COLLATE "USING_NLS_COMP", 
	"CEDULA" VARCHAR2(50 BYTE) COLLATE "USING_NLS_COMP", 
	"TELEFONO" VARCHAR2(50 BYTE) COLLATE "USING_NLS_COMP", 
	"CARGO" VARCHAR2(50 BYTE) COLLATE "USING_NLS_COMP", 
	"FECHA_INGRESO" DATE
   )  DEFAULT COLLATION "USING_NLS_COMP" SEGMENT CREATION IMMEDIATE 
  PCTFREE 10 PCTUSED 40 INITRANS 10 MAXTRANS 255 
 NOCOMPRESS LOGGING
  STORAGE(INITIAL 65536 NEXT 1048576 MINEXTENTS 1 MAXEXTENTS 2147483645
  PCTINCREASE 0 FREELISTS 1 FREELIST GROUPS 1
  BUFFER_POOL DEFAULT FLASH_CACHE DEFAULT CELL_FLASH_CACHE DEFAULT)
  TABLESPACE "DATA" ;
--------------------------------------------------------
--  DDL for Table INVENTARIO
--------------------------------------------------------

  CREATE TABLE "PROYECTO"."INVENTARIO" 
   (	"ID_MATERIAL" VARCHAR2(5 BYTE) COLLATE "USING_NLS_COMP", 
	"CODIGO_MATERIAL" VARCHAR2(20 BYTE) COLLATE "USING_NLS_COMP", 
	"NOMBRE_MATERIAL" VARCHAR2(50 BYTE) COLLATE "USING_NLS_COMP", 
	"UNIDAD_MEDIDA" VARCHAR2(20 BYTE) COLLATE "USING_NLS_COMP", 
	"CATEGORIA" VARCHAR2(50 BYTE) COLLATE "USING_NLS_COMP", 
	"STOCK_ACTUAL" NUMBER(10,0) DEFAULT 0, 
	"STOCK_MINIMO" NUMBER(10,0) DEFAULT 0
   )  DEFAULT COLLATION "USING_NLS_COMP" SEGMENT CREATION IMMEDIATE 
  PCTFREE 10 PCTUSED 40 INITRANS 10 MAXTRANS 255 
 NOCOMPRESS LOGGING
  STORAGE(INITIAL 65536 NEXT 1048576 MINEXTENTS 1 MAXEXTENTS 2147483645
  PCTINCREASE 0 FREELISTS 1 FREELIST GROUPS 1
  BUFFER_POOL DEFAULT FLASH_CACHE DEFAULT CELL_FLASH_CACHE DEFAULT)
  TABLESPACE "DATA" ;
--------------------------------------------------------
--  DDL for Table MAQUINARIA
--------------------------------------------------------

  CREATE TABLE "PROYECTO"."MAQUINARIA" 
   (	"ID_MAQUINARIA" VARCHAR2(5 BYTE) COLLATE "USING_NLS_COMP", 
	"TIPO" VARCHAR2(50 BYTE) COLLATE "USING_NLS_COMP", 
	"MARCA" VARCHAR2(50 BYTE) COLLATE "USING_NLS_COMP", 
	"MODELO" VARCHAR2(50 BYTE) COLLATE "USING_NLS_COMP", 
	"PLACA" VARCHAR2(20 BYTE) COLLATE "USING_NLS_COMP", 
	"ESTADO" VARCHAR2(20 BYTE) COLLATE "USING_NLS_COMP" DEFAULT 'DISPONIBLE', 
	"ID_PROYECTO" VARCHAR2(5 BYTE) COLLATE "USING_NLS_COMP"
   )  DEFAULT COLLATION "USING_NLS_COMP" SEGMENT CREATION IMMEDIATE 
  PCTFREE 10 PCTUSED 40 INITRANS 10 MAXTRANS 255 
 NOCOMPRESS LOGGING
  STORAGE(INITIAL 65536 NEXT 1048576 MINEXTENTS 1 MAXEXTENTS 2147483645
  PCTINCREASE 0 FREELISTS 1 FREELIST GROUPS 1
  BUFFER_POOL DEFAULT FLASH_CACHE DEFAULT CELL_FLASH_CACHE DEFAULT)
  TABLESPACE "DATA" ;
--------------------------------------------------------
--  DDL for Table ORDENES_COMPRA
--------------------------------------------------------

  CREATE TABLE "PROYECTO"."ORDENES_COMPRA" 
   (	"ID_ORDEN_COMPRA" VARCHAR2(5 BYTE) COLLATE "USING_NLS_COMP", 
	"FECHA" DATE, 
	"DESCRIPCION" VARCHAR2(200 BYTE) COLLATE "USING_NLS_COMP", 
	"MONTO_TOTAL" NUMBER(12,2) DEFAULT 0, 
	"ESTADO" VARCHAR2(20 BYTE) COLLATE "USING_NLS_COMP" DEFAULT 'PENDIENTE', 
	"ID_PROVEEDOR" VARCHAR2(5 BYTE) COLLATE "USING_NLS_COMP"
   )  DEFAULT COLLATION "USING_NLS_COMP" SEGMENT CREATION IMMEDIATE 
  PCTFREE 10 PCTUSED 40 INITRANS 10 MAXTRANS 255 
 NOCOMPRESS LOGGING
  STORAGE(INITIAL 65536 NEXT 1048576 MINEXTENTS 1 MAXEXTENTS 2147483645
  PCTINCREASE 0 FREELISTS 1 FREELIST GROUPS 1
  BUFFER_POOL DEFAULT FLASH_CACHE DEFAULT CELL_FLASH_CACHE DEFAULT)
  TABLESPACE "DATA" ;
--------------------------------------------------------
--  DDL for Table PROVEEDORES
--------------------------------------------------------

  CREATE TABLE "PROYECTO"."PROVEEDORES" 
   (	"ID_PROVEEDOR" VARCHAR2(5 BYTE) COLLATE "USING_NLS_COMP", 
	"NOMBRE" VARCHAR2(50 BYTE) COLLATE "USING_NLS_COMP", 
	"TELEFONO" VARCHAR2(50 BYTE) COLLATE "USING_NLS_COMP", 
	"CORREO" VARCHAR2(50 BYTE) COLLATE "USING_NLS_COMP", 
	"DIRECCION" VARCHAR2(50 BYTE) COLLATE "USING_NLS_COMP"
   )  DEFAULT COLLATION "USING_NLS_COMP" SEGMENT CREATION IMMEDIATE 
  PCTFREE 10 PCTUSED 40 INITRANS 10 MAXTRANS 255 
 NOCOMPRESS LOGGING
  STORAGE(INITIAL 65536 NEXT 1048576 MINEXTENTS 1 MAXEXTENTS 2147483645
  PCTINCREASE 0 FREELISTS 1 FREELIST GROUPS 1
  BUFFER_POOL DEFAULT FLASH_CACHE DEFAULT CELL_FLASH_CACHE DEFAULT)
  TABLESPACE "DATA" ;
--------------------------------------------------------
--  DDL for Table PROYECTO
--------------------------------------------------------

  CREATE TABLE "PROYECTO"."PROYECTO" 
   (	"ID_PROYECTO" VARCHAR2(5 BYTE) COLLATE "USING_NLS_COMP", 
	"NOMBRE_PROYECTO" VARCHAR2(50 BYTE) COLLATE "USING_NLS_COMP", 
	"UBICACION" VARCHAR2(50 BYTE) COLLATE "USING_NLS_COMP", 
	"FECHA_INICIO" DATE, 
	"FECHA_FIN" DATE, 
	"ESTADO" VARCHAR2(20 BYTE) COLLATE "USING_NLS_COMP", 
	"ID_CLIENTE" VARCHAR2(5 BYTE) COLLATE "USING_NLS_COMP"
   )  DEFAULT COLLATION "USING_NLS_COMP" SEGMENT CREATION IMMEDIATE 
  PCTFREE 10 PCTUSED 40 INITRANS 10 MAXTRANS 255 
 NOCOMPRESS LOGGING
  STORAGE(INITIAL 65536 NEXT 1048576 MINEXTENTS 1 MAXEXTENTS 2147483645
  PCTINCREASE 0 FREELISTS 1 FREELIST GROUPS 1
  BUFFER_POOL DEFAULT FLASH_CACHE DEFAULT CELL_FLASH_CACHE DEFAULT)
  TABLESPACE "DATA" ;
REM INSERTING into PROYECTO.ASIGNACION_MAQUINARIA
SET DEFINE OFF;
Insert into PROYECTO.ASIGNACION_MAQUINARIA (ID_ASIG_MAQUINARIA,FECHA_INICIO,FECHA_FIN,HORAS_USO,ID_MAQUINARIA,ID_PROYECTO) values ('AM01',to_date('01/01/26','DD/MM/RR'),to_date('31/12/26','DD/MM/RR'),'120','MQ01','P01');
Insert into PROYECTO.ASIGNACION_MAQUINARIA (ID_ASIG_MAQUINARIA,FECHA_INICIO,FECHA_FIN,HORAS_USO,ID_MAQUINARIA,ID_PROYECTO) values ('AM02',to_date('05/01/26','DD/MM/RR'),to_date('30/11/26','DD/MM/RR'),'140','MQ02','P02');
Insert into PROYECTO.ASIGNACION_MAQUINARIA (ID_ASIG_MAQUINARIA,FECHA_INICIO,FECHA_FIN,HORAS_USO,ID_MAQUINARIA,ID_PROYECTO) values ('AM03',to_date('10/01/26','DD/MM/RR'),to_date('31/10/26','DD/MM/RR'),'135','MQ03','P03');
Insert into PROYECTO.ASIGNACION_MAQUINARIA (ID_ASIG_MAQUINARIA,FECHA_INICIO,FECHA_FIN,HORAS_USO,ID_MAQUINARIA,ID_PROYECTO) values ('AM04',to_date('15/01/26','DD/MM/RR'),to_date('31/12/26','DD/MM/RR'),'150','MQ04','P04');
Insert into PROYECTO.ASIGNACION_MAQUINARIA (ID_ASIG_MAQUINARIA,FECHA_INICIO,FECHA_FIN,HORAS_USO,ID_MAQUINARIA,ID_PROYECTO) values ('AM05',to_date('20/01/26','DD/MM/RR'),to_date('30/09/26','DD/MM/RR'),'125','MQ05','P05');
Insert into PROYECTO.ASIGNACION_MAQUINARIA (ID_ASIG_MAQUINARIA,FECHA_INICIO,FECHA_FIN,HORAS_USO,ID_MAQUINARIA,ID_PROYECTO) values ('AM06',to_date('01/02/26','DD/MM/RR'),to_date('31/12/26','DD/MM/RR'),'145','MQ06','P06');
Insert into PROYECTO.ASIGNACION_MAQUINARIA (ID_ASIG_MAQUINARIA,FECHA_INICIO,FECHA_FIN,HORAS_USO,ID_MAQUINARIA,ID_PROYECTO) values ('AM07',to_date('05/02/26','DD/MM/RR'),to_date('30/11/26','DD/MM/RR'),'130','MQ07','P07');
Insert into PROYECTO.ASIGNACION_MAQUINARIA (ID_ASIG_MAQUINARIA,FECHA_INICIO,FECHA_FIN,HORAS_USO,ID_MAQUINARIA,ID_PROYECTO) values ('AM08',to_date('10/02/26','DD/MM/RR'),to_date('31/10/26','DD/MM/RR'),'155','MQ08','P08');
Insert into PROYECTO.ASIGNACION_MAQUINARIA (ID_ASIG_MAQUINARIA,FECHA_INICIO,FECHA_FIN,HORAS_USO,ID_MAQUINARIA,ID_PROYECTO) values ('AM09',to_date('15/02/26','DD/MM/RR'),to_date('31/12/26','DD/MM/RR'),'140','MQ09','P09');
Insert into PROYECTO.ASIGNACION_MAQUINARIA (ID_ASIG_MAQUINARIA,FECHA_INICIO,FECHA_FIN,HORAS_USO,ID_MAQUINARIA,ID_PROYECTO) values ('AM10',to_date('20/02/26','DD/MM/RR'),to_date('30/09/26','DD/MM/RR'),'160','MQ10','P10');
Insert into PROYECTO.ASIGNACION_MAQUINARIA (ID_ASIG_MAQUINARIA,FECHA_INICIO,FECHA_FIN,HORAS_USO,ID_MAQUINARIA,ID_PROYECTO) values ('AM11',to_date('01/03/26','DD/MM/RR'),to_date('31/12/26','DD/MM/RR'),'125','MQ11','P11');
Insert into PROYECTO.ASIGNACION_MAQUINARIA (ID_ASIG_MAQUINARIA,FECHA_INICIO,FECHA_FIN,HORAS_USO,ID_MAQUINARIA,ID_PROYECTO) values ('AM12',to_date('05/03/26','DD/MM/RR'),to_date('30/11/26','DD/MM/RR'),'135','MQ12','P12');
Insert into PROYECTO.ASIGNACION_MAQUINARIA (ID_ASIG_MAQUINARIA,FECHA_INICIO,FECHA_FIN,HORAS_USO,ID_MAQUINARIA,ID_PROYECTO) values ('AM13',to_date('10/03/26','DD/MM/RR'),to_date('31/10/26','DD/MM/RR'),'145','MQ13','P13');
Insert into PROYECTO.ASIGNACION_MAQUINARIA (ID_ASIG_MAQUINARIA,FECHA_INICIO,FECHA_FIN,HORAS_USO,ID_MAQUINARIA,ID_PROYECTO) values ('AM14',to_date('15/03/26','DD/MM/RR'),to_date('31/12/26','DD/MM/RR'),'150','MQ14','P14');
Insert into PROYECTO.ASIGNACION_MAQUINARIA (ID_ASIG_MAQUINARIA,FECHA_INICIO,FECHA_FIN,HORAS_USO,ID_MAQUINARIA,ID_PROYECTO) values ('AM15',to_date('20/03/26','DD/MM/RR'),to_date('30/09/26','DD/MM/RR'),'130','MQ15','P15');
Insert into PROYECTO.ASIGNACION_MAQUINARIA (ID_ASIG_MAQUINARIA,FECHA_INICIO,FECHA_FIN,HORAS_USO,ID_MAQUINARIA,ID_PROYECTO) values ('AM16',to_date('01/04/26','DD/MM/RR'),to_date('31/12/26','DD/MM/RR'),'140','MQ16','P16');
Insert into PROYECTO.ASIGNACION_MAQUINARIA (ID_ASIG_MAQUINARIA,FECHA_INICIO,FECHA_FIN,HORAS_USO,ID_MAQUINARIA,ID_PROYECTO) values ('AM17',to_date('05/04/26','DD/MM/RR'),to_date('30/11/26','DD/MM/RR'),'155','MQ17','P17');
Insert into PROYECTO.ASIGNACION_MAQUINARIA (ID_ASIG_MAQUINARIA,FECHA_INICIO,FECHA_FIN,HORAS_USO,ID_MAQUINARIA,ID_PROYECTO) values ('AM18',to_date('10/04/26','DD/MM/RR'),to_date('31/10/26','DD/MM/RR'),'120','MQ18','P18');
Insert into PROYECTO.ASIGNACION_MAQUINARIA (ID_ASIG_MAQUINARIA,FECHA_INICIO,FECHA_FIN,HORAS_USO,ID_MAQUINARIA,ID_PROYECTO) values ('AM19',to_date('15/04/26','DD/MM/RR'),to_date('31/12/26','DD/MM/RR'),'150','MQ19','P19');
Insert into PROYECTO.ASIGNACION_MAQUINARIA (ID_ASIG_MAQUINARIA,FECHA_INICIO,FECHA_FIN,HORAS_USO,ID_MAQUINARIA,ID_PROYECTO) values ('AM20',to_date('20/04/26','DD/MM/RR'),to_date('30/09/26','DD/MM/RR'),'145','MQ20','P20');
Insert into PROYECTO.ASIGNACION_MAQUINARIA (ID_ASIG_MAQUINARIA,FECHA_INICIO,FECHA_FIN,HORAS_USO,ID_MAQUINARIA,ID_PROYECTO) values ('AM21',to_date('01/05/26','DD/MM/RR'),to_date('31/12/26','DD/MM/RR'),'130','MQ21','P21');
Insert into PROYECTO.ASIGNACION_MAQUINARIA (ID_ASIG_MAQUINARIA,FECHA_INICIO,FECHA_FIN,HORAS_USO,ID_MAQUINARIA,ID_PROYECTO) values ('AM22',to_date('05/05/26','DD/MM/RR'),to_date('30/11/26','DD/MM/RR'),'140','MQ22','P22');
Insert into PROYECTO.ASIGNACION_MAQUINARIA (ID_ASIG_MAQUINARIA,FECHA_INICIO,FECHA_FIN,HORAS_USO,ID_MAQUINARIA,ID_PROYECTO) values ('AM23',to_date('10/05/26','DD/MM/RR'),to_date('31/10/26','DD/MM/RR'),'155','MQ23','P23');
Insert into PROYECTO.ASIGNACION_MAQUINARIA (ID_ASIG_MAQUINARIA,FECHA_INICIO,FECHA_FIN,HORAS_USO,ID_MAQUINARIA,ID_PROYECTO) values ('AM24',to_date('15/05/26','DD/MM/RR'),to_date('31/12/26','DD/MM/RR'),'135','MQ24','P24');
Insert into PROYECTO.ASIGNACION_MAQUINARIA (ID_ASIG_MAQUINARIA,FECHA_INICIO,FECHA_FIN,HORAS_USO,ID_MAQUINARIA,ID_PROYECTO) values ('AM25',to_date('20/05/26','DD/MM/RR'),to_date('30/09/26','DD/MM/RR'),'145','MQ25','P25');
Insert into PROYECTO.ASIGNACION_MAQUINARIA (ID_ASIG_MAQUINARIA,FECHA_INICIO,FECHA_FIN,HORAS_USO,ID_MAQUINARIA,ID_PROYECTO) values ('AM26',to_date('01/06/26','DD/MM/RR'),to_date('31/12/26','DD/MM/RR'),'150','MQ26','P26');
Insert into PROYECTO.ASIGNACION_MAQUINARIA (ID_ASIG_MAQUINARIA,FECHA_INICIO,FECHA_FIN,HORAS_USO,ID_MAQUINARIA,ID_PROYECTO) values ('AM27',to_date('05/06/26','DD/MM/RR'),to_date('30/11/26','DD/MM/RR'),'120','MQ27','P27');
Insert into PROYECTO.ASIGNACION_MAQUINARIA (ID_ASIG_MAQUINARIA,FECHA_INICIO,FECHA_FIN,HORAS_USO,ID_MAQUINARIA,ID_PROYECTO) values ('AM28',to_date('10/06/26','DD/MM/RR'),to_date('31/10/26','DD/MM/RR'),'130','MQ28','P28');
Insert into PROYECTO.ASIGNACION_MAQUINARIA (ID_ASIG_MAQUINARIA,FECHA_INICIO,FECHA_FIN,HORAS_USO,ID_MAQUINARIA,ID_PROYECTO) values ('AM29',to_date('15/06/26','DD/MM/RR'),to_date('31/12/26','DD/MM/RR'),'160','MQ29','P29');
Insert into PROYECTO.ASIGNACION_MAQUINARIA (ID_ASIG_MAQUINARIA,FECHA_INICIO,FECHA_FIN,HORAS_USO,ID_MAQUINARIA,ID_PROYECTO) values ('AM30',to_date('20/06/26','DD/MM/RR'),to_date('30/09/26','DD/MM/RR'),'145','MQ30','P30');
Insert into PROYECTO.ASIGNACION_MAQUINARIA (ID_ASIG_MAQUINARIA,FECHA_INICIO,FECHA_FIN,HORAS_USO,ID_MAQUINARIA,ID_PROYECTO) values ('AM31',to_date('01/07/26','DD/MM/RR'),to_date('31/12/26','DD/MM/RR'),'140','MQ31','P31');
Insert into PROYECTO.ASIGNACION_MAQUINARIA (ID_ASIG_MAQUINARIA,FECHA_INICIO,FECHA_FIN,HORAS_USO,ID_MAQUINARIA,ID_PROYECTO) values ('AM32',to_date('05/07/26','DD/MM/RR'),to_date('30/11/26','DD/MM/RR'),'125','MQ32','P32');
Insert into PROYECTO.ASIGNACION_MAQUINARIA (ID_ASIG_MAQUINARIA,FECHA_INICIO,FECHA_FIN,HORAS_USO,ID_MAQUINARIA,ID_PROYECTO) values ('AM33',to_date('10/07/26','DD/MM/RR'),to_date('31/10/26','DD/MM/RR'),'135','MQ33','P33');
Insert into PROYECTO.ASIGNACION_MAQUINARIA (ID_ASIG_MAQUINARIA,FECHA_INICIO,FECHA_FIN,HORAS_USO,ID_MAQUINARIA,ID_PROYECTO) values ('AM34',to_date('15/07/26','DD/MM/RR'),to_date('31/12/26','DD/MM/RR'),'155','MQ34','P34');
Insert into PROYECTO.ASIGNACION_MAQUINARIA (ID_ASIG_MAQUINARIA,FECHA_INICIO,FECHA_FIN,HORAS_USO,ID_MAQUINARIA,ID_PROYECTO) values ('AM35',to_date('20/07/26','DD/MM/RR'),to_date('30/09/26','DD/MM/RR'),'145','MQ35','P35');
Insert into PROYECTO.ASIGNACION_MAQUINARIA (ID_ASIG_MAQUINARIA,FECHA_INICIO,FECHA_FIN,HORAS_USO,ID_MAQUINARIA,ID_PROYECTO) values ('AM36',to_date('01/08/26','DD/MM/RR'),to_date('31/12/26','DD/MM/RR'),'130','MQ36','P36');
Insert into PROYECTO.ASIGNACION_MAQUINARIA (ID_ASIG_MAQUINARIA,FECHA_INICIO,FECHA_FIN,HORAS_USO,ID_MAQUINARIA,ID_PROYECTO) values ('AM37',to_date('05/08/26','DD/MM/RR'),to_date('30/11/26','DD/MM/RR'),'140','MQ37','P37');
Insert into PROYECTO.ASIGNACION_MAQUINARIA (ID_ASIG_MAQUINARIA,FECHA_INICIO,FECHA_FIN,HORAS_USO,ID_MAQUINARIA,ID_PROYECTO) values ('AM38',to_date('10/08/26','DD/MM/RR'),to_date('31/10/26','DD/MM/RR'),'150','MQ38','P38');
Insert into PROYECTO.ASIGNACION_MAQUINARIA (ID_ASIG_MAQUINARIA,FECHA_INICIO,FECHA_FIN,HORAS_USO,ID_MAQUINARIA,ID_PROYECTO) values ('AM39',to_date('15/08/26','DD/MM/RR'),to_date('31/12/26','DD/MM/RR'),'125','MQ39','P39');
Insert into PROYECTO.ASIGNACION_MAQUINARIA (ID_ASIG_MAQUINARIA,FECHA_INICIO,FECHA_FIN,HORAS_USO,ID_MAQUINARIA,ID_PROYECTO) values ('AM40',to_date('20/08/26','DD/MM/RR'),to_date('30/09/26','DD/MM/RR'),'145','MQ40','P40');
Insert into PROYECTO.ASIGNACION_MAQUINARIA (ID_ASIG_MAQUINARIA,FECHA_INICIO,FECHA_FIN,HORAS_USO,ID_MAQUINARIA,ID_PROYECTO) values ('AM41',to_date('01/09/26','DD/MM/RR'),to_date('31/12/26','DD/MM/RR'),'155','MQ41','P41');
Insert into PROYECTO.ASIGNACION_MAQUINARIA (ID_ASIG_MAQUINARIA,FECHA_INICIO,FECHA_FIN,HORAS_USO,ID_MAQUINARIA,ID_PROYECTO) values ('AM42',to_date('05/09/26','DD/MM/RR'),to_date('30/11/26','DD/MM/RR'),'130','MQ42','P42');
Insert into PROYECTO.ASIGNACION_MAQUINARIA (ID_ASIG_MAQUINARIA,FECHA_INICIO,FECHA_FIN,HORAS_USO,ID_MAQUINARIA,ID_PROYECTO) values ('AM43',to_date('10/09/26','DD/MM/RR'),to_date('31/10/26','DD/MM/RR'),'145','MQ43','P43');
Insert into PROYECTO.ASIGNACION_MAQUINARIA (ID_ASIG_MAQUINARIA,FECHA_INICIO,FECHA_FIN,HORAS_USO,ID_MAQUINARIA,ID_PROYECTO) values ('AM44',to_date('15/09/26','DD/MM/RR'),to_date('31/12/26','DD/MM/RR'),'135','MQ44','P44');
Insert into PROYECTO.ASIGNACION_MAQUINARIA (ID_ASIG_MAQUINARIA,FECHA_INICIO,FECHA_FIN,HORAS_USO,ID_MAQUINARIA,ID_PROYECTO) values ('AM45',to_date('20/09/26','DD/MM/RR'),to_date('30/09/26','DD/MM/RR'),'150','MQ45','P45');
Insert into PROYECTO.ASIGNACION_MAQUINARIA (ID_ASIG_MAQUINARIA,FECHA_INICIO,FECHA_FIN,HORAS_USO,ID_MAQUINARIA,ID_PROYECTO) values ('AM46',to_date('01/10/26','DD/MM/RR'),to_date('31/12/26','DD/MM/RR'),'125','MQ46','P46');
Insert into PROYECTO.ASIGNACION_MAQUINARIA (ID_ASIG_MAQUINARIA,FECHA_INICIO,FECHA_FIN,HORAS_USO,ID_MAQUINARIA,ID_PROYECTO) values ('AM47',to_date('05/10/26','DD/MM/RR'),to_date('30/11/26','DD/MM/RR'),'140','MQ47','P47');
Insert into PROYECTO.ASIGNACION_MAQUINARIA (ID_ASIG_MAQUINARIA,FECHA_INICIO,FECHA_FIN,HORAS_USO,ID_MAQUINARIA,ID_PROYECTO) values ('AM48',to_date('10/10/26','DD/MM/RR'),to_date('31/10/26','DD/MM/RR'),'155','MQ48','P48');
Insert into PROYECTO.ASIGNACION_MAQUINARIA (ID_ASIG_MAQUINARIA,FECHA_INICIO,FECHA_FIN,HORAS_USO,ID_MAQUINARIA,ID_PROYECTO) values ('AM49',to_date('15/10/26','DD/MM/RR'),to_date('31/12/26','DD/MM/RR'),'130','MQ49','P49');
Insert into PROYECTO.ASIGNACION_MAQUINARIA (ID_ASIG_MAQUINARIA,FECHA_INICIO,FECHA_FIN,HORAS_USO,ID_MAQUINARIA,ID_PROYECTO) values ('AM50',to_date('20/10/26','DD/MM/RR'),to_date('30/09/27','DD/MM/RR'),'145','MQ50','P50');
Insert into PROYECTO.ASIGNACION_MAQUINARIA (ID_ASIG_MAQUINARIA,FECHA_INICIO,FECHA_FIN,HORAS_USO,ID_MAQUINARIA,ID_PROYECTO) values ('AM51',to_date('01/11/26','DD/MM/RR'),to_date('31/12/26','DD/MM/RR'),'80','MQ01','P26');
Insert into PROYECTO.ASIGNACION_MAQUINARIA (ID_ASIG_MAQUINARIA,FECHA_INICIO,FECHA_FIN,HORAS_USO,ID_MAQUINARIA,ID_PROYECTO) values ('AM52',to_date('01/11/26','DD/MM/RR'),to_date('31/12/26','DD/MM/RR'),'85','MQ02','P27');
Insert into PROYECTO.ASIGNACION_MAQUINARIA (ID_ASIG_MAQUINARIA,FECHA_INICIO,FECHA_FIN,HORAS_USO,ID_MAQUINARIA,ID_PROYECTO) values ('AM53',to_date('01/11/26','DD/MM/RR'),to_date('31/12/26','DD/MM/RR'),'90','MQ03','P28');
Insert into PROYECTO.ASIGNACION_MAQUINARIA (ID_ASIG_MAQUINARIA,FECHA_INICIO,FECHA_FIN,HORAS_USO,ID_MAQUINARIA,ID_PROYECTO) values ('AM54',to_date('01/11/26','DD/MM/RR'),to_date('31/12/26','DD/MM/RR'),'95','MQ04','P29');
Insert into PROYECTO.ASIGNACION_MAQUINARIA (ID_ASIG_MAQUINARIA,FECHA_INICIO,FECHA_FIN,HORAS_USO,ID_MAQUINARIA,ID_PROYECTO) values ('AM55',to_date('01/11/26','DD/MM/RR'),to_date('31/12/26','DD/MM/RR'),'100','MQ05','P30');
Insert into PROYECTO.ASIGNACION_MAQUINARIA (ID_ASIG_MAQUINARIA,FECHA_INICIO,FECHA_FIN,HORAS_USO,ID_MAQUINARIA,ID_PROYECTO) values ('AM56',to_date('01/12/26','DD/MM/RR'),to_date('31/12/26','DD/MM/RR'),'75','MQ06','P31');
Insert into PROYECTO.ASIGNACION_MAQUINARIA (ID_ASIG_MAQUINARIA,FECHA_INICIO,FECHA_FIN,HORAS_USO,ID_MAQUINARIA,ID_PROYECTO) values ('AM57',to_date('01/12/26','DD/MM/RR'),to_date('31/12/26','DD/MM/RR'),'80','MQ07','P32');
Insert into PROYECTO.ASIGNACION_MAQUINARIA (ID_ASIG_MAQUINARIA,FECHA_INICIO,FECHA_FIN,HORAS_USO,ID_MAQUINARIA,ID_PROYECTO) values ('AM58',to_date('01/12/26','DD/MM/RR'),to_date('31/12/26','DD/MM/RR'),'85','MQ08','P33');
Insert into PROYECTO.ASIGNACION_MAQUINARIA (ID_ASIG_MAQUINARIA,FECHA_INICIO,FECHA_FIN,HORAS_USO,ID_MAQUINARIA,ID_PROYECTO) values ('AM59',to_date('01/12/26','DD/MM/RR'),to_date('31/12/26','DD/MM/RR'),'90','MQ09','P34');
Insert into PROYECTO.ASIGNACION_MAQUINARIA (ID_ASIG_MAQUINARIA,FECHA_INICIO,FECHA_FIN,HORAS_USO,ID_MAQUINARIA,ID_PROYECTO) values ('AM60',to_date('01/12/26','DD/MM/RR'),to_date('31/12/26','DD/MM/RR'),'95','MQ10','P35');
Insert into PROYECTO.ASIGNACION_MAQUINARIA (ID_ASIG_MAQUINARIA,FECHA_INICIO,FECHA_FIN,HORAS_USO,ID_MAQUINARIA,ID_PROYECTO) values ('AM61',to_date('01/01/27','DD/MM/RR'),to_date('31/01/27','DD/MM/RR'),'70','MQ11','P36');
Insert into PROYECTO.ASIGNACION_MAQUINARIA (ID_ASIG_MAQUINARIA,FECHA_INICIO,FECHA_FIN,HORAS_USO,ID_MAQUINARIA,ID_PROYECTO) values ('AM62',to_date('01/01/27','DD/MM/RR'),to_date('31/01/27','DD/MM/RR'),'75','MQ12','P37');
Insert into PROYECTO.ASIGNACION_MAQUINARIA (ID_ASIG_MAQUINARIA,FECHA_INICIO,FECHA_FIN,HORAS_USO,ID_MAQUINARIA,ID_PROYECTO) values ('AM63',to_date('01/01/27','DD/MM/RR'),to_date('31/01/27','DD/MM/RR'),'80','MQ13','P38');
Insert into PROYECTO.ASIGNACION_MAQUINARIA (ID_ASIG_MAQUINARIA,FECHA_INICIO,FECHA_FIN,HORAS_USO,ID_MAQUINARIA,ID_PROYECTO) values ('AM64',to_date('01/01/27','DD/MM/RR'),to_date('31/01/27','DD/MM/RR'),'85','MQ14','P39');
Insert into PROYECTO.ASIGNACION_MAQUINARIA (ID_ASIG_MAQUINARIA,FECHA_INICIO,FECHA_FIN,HORAS_USO,ID_MAQUINARIA,ID_PROYECTO) values ('AM65',to_date('01/01/27','DD/MM/RR'),to_date('31/01/27','DD/MM/RR'),'90','MQ15','P40');
Insert into PROYECTO.ASIGNACION_MAQUINARIA (ID_ASIG_MAQUINARIA,FECHA_INICIO,FECHA_FIN,HORAS_USO,ID_MAQUINARIA,ID_PROYECTO) values ('AM66',to_date('01/02/27','DD/MM/RR'),to_date('28/02/27','DD/MM/RR'),'75','MQ16','P41');
Insert into PROYECTO.ASIGNACION_MAQUINARIA (ID_ASIG_MAQUINARIA,FECHA_INICIO,FECHA_FIN,HORAS_USO,ID_MAQUINARIA,ID_PROYECTO) values ('AM67',to_date('01/02/27','DD/MM/RR'),to_date('28/02/27','DD/MM/RR'),'80','MQ17','P42');
Insert into PROYECTO.ASIGNACION_MAQUINARIA (ID_ASIG_MAQUINARIA,FECHA_INICIO,FECHA_FIN,HORAS_USO,ID_MAQUINARIA,ID_PROYECTO) values ('AM68',to_date('01/02/27','DD/MM/RR'),to_date('28/02/27','DD/MM/RR'),'85','MQ18','P43');
Insert into PROYECTO.ASIGNACION_MAQUINARIA (ID_ASIG_MAQUINARIA,FECHA_INICIO,FECHA_FIN,HORAS_USO,ID_MAQUINARIA,ID_PROYECTO) values ('AM69',to_date('01/02/27','DD/MM/RR'),to_date('28/02/27','DD/MM/RR'),'90','MQ19','P44');
Insert into PROYECTO.ASIGNACION_MAQUINARIA (ID_ASIG_MAQUINARIA,FECHA_INICIO,FECHA_FIN,HORAS_USO,ID_MAQUINARIA,ID_PROYECTO) values ('AM70',to_date('01/02/27','DD/MM/RR'),to_date('28/02/27','DD/MM/RR'),'95','MQ20','P45');
Insert into PROYECTO.ASIGNACION_MAQUINARIA (ID_ASIG_MAQUINARIA,FECHA_INICIO,FECHA_FIN,HORAS_USO,ID_MAQUINARIA,ID_PROYECTO) values ('AM71',to_date('01/03/27','DD/MM/RR'),to_date('31/03/27','DD/MM/RR'),'70','MQ21','P46');
Insert into PROYECTO.ASIGNACION_MAQUINARIA (ID_ASIG_MAQUINARIA,FECHA_INICIO,FECHA_FIN,HORAS_USO,ID_MAQUINARIA,ID_PROYECTO) values ('AM72',to_date('01/03/27','DD/MM/RR'),to_date('31/03/27','DD/MM/RR'),'75','MQ22','P47');
Insert into PROYECTO.ASIGNACION_MAQUINARIA (ID_ASIG_MAQUINARIA,FECHA_INICIO,FECHA_FIN,HORAS_USO,ID_MAQUINARIA,ID_PROYECTO) values ('AM73',to_date('01/03/27','DD/MM/RR'),to_date('31/03/27','DD/MM/RR'),'80','MQ23','P48');
Insert into PROYECTO.ASIGNACION_MAQUINARIA (ID_ASIG_MAQUINARIA,FECHA_INICIO,FECHA_FIN,HORAS_USO,ID_MAQUINARIA,ID_PROYECTO) values ('AM74',to_date('01/03/27','DD/MM/RR'),to_date('31/03/27','DD/MM/RR'),'85','MQ24','P49');
Insert into PROYECTO.ASIGNACION_MAQUINARIA (ID_ASIG_MAQUINARIA,FECHA_INICIO,FECHA_FIN,HORAS_USO,ID_MAQUINARIA,ID_PROYECTO) values ('AM75',to_date('01/03/27','DD/MM/RR'),to_date('31/03/27','DD/MM/RR'),'90','MQ25','P50');
Insert into PROYECTO.ASIGNACION_MAQUINARIA (ID_ASIG_MAQUINARIA,FECHA_INICIO,FECHA_FIN,HORAS_USO,ID_MAQUINARIA,ID_PROYECTO) values ('AM76',to_date('01/04/27','DD/MM/RR'),to_date('30/04/27','DD/MM/RR'),'65','MQ26','P01');
Insert into PROYECTO.ASIGNACION_MAQUINARIA (ID_ASIG_MAQUINARIA,FECHA_INICIO,FECHA_FIN,HORAS_USO,ID_MAQUINARIA,ID_PROYECTO) values ('AM77',to_date('01/04/27','DD/MM/RR'),to_date('30/04/27','DD/MM/RR'),'70','MQ27','P02');
Insert into PROYECTO.ASIGNACION_MAQUINARIA (ID_ASIG_MAQUINARIA,FECHA_INICIO,FECHA_FIN,HORAS_USO,ID_MAQUINARIA,ID_PROYECTO) values ('AM78',to_date('01/04/27','DD/MM/RR'),to_date('30/04/27','DD/MM/RR'),'75','MQ28','P03');
Insert into PROYECTO.ASIGNACION_MAQUINARIA (ID_ASIG_MAQUINARIA,FECHA_INICIO,FECHA_FIN,HORAS_USO,ID_MAQUINARIA,ID_PROYECTO) values ('AM79',to_date('01/04/27','DD/MM/RR'),to_date('30/04/27','DD/MM/RR'),'80','MQ29','P04');
Insert into PROYECTO.ASIGNACION_MAQUINARIA (ID_ASIG_MAQUINARIA,FECHA_INICIO,FECHA_FIN,HORAS_USO,ID_MAQUINARIA,ID_PROYECTO) values ('AM80',to_date('01/04/27','DD/MM/RR'),to_date('30/04/27','DD/MM/RR'),'85','MQ30','P05');
REM INSERTING into PROYECTO.ASIGNACION_PROYECTO
SET DEFINE OFF;
Insert into PROYECTO.ASIGNACION_PROYECTO (ID_ASIG_PROYECTO,FECHA_INICIO,FECHA_FIN,HORAS_TRABAJADAS,ID_EMPLEADO,ID_PROYECTO) values ('ASG01',to_date('01/01/26','DD/MM/RR'),to_date('31/12/26','DD/MM/RR'),'160','E01','P01');
Insert into PROYECTO.ASIGNACION_PROYECTO (ID_ASIG_PROYECTO,FECHA_INICIO,FECHA_FIN,HORAS_TRABAJADAS,ID_EMPLEADO,ID_PROYECTO) values ('ASG02',to_date('01/01/26','DD/MM/RR'),to_date('31/12/26','DD/MM/RR'),'175','E02','P01');
Insert into PROYECTO.ASIGNACION_PROYECTO (ID_ASIG_PROYECTO,FECHA_INICIO,FECHA_FIN,HORAS_TRABAJADAS,ID_EMPLEADO,ID_PROYECTO) values ('ASG03',to_date('05/01/26','DD/MM/RR'),to_date('30/11/26','DD/MM/RR'),'168','E03','P02');
Insert into PROYECTO.ASIGNACION_PROYECTO (ID_ASIG_PROYECTO,FECHA_INICIO,FECHA_FIN,HORAS_TRABAJADAS,ID_EMPLEADO,ID_PROYECTO) values ('ASG04',to_date('05/01/26','DD/MM/RR'),to_date('30/11/26','DD/MM/RR'),'180','E04','P02');
Insert into PROYECTO.ASIGNACION_PROYECTO (ID_ASIG_PROYECTO,FECHA_INICIO,FECHA_FIN,HORAS_TRABAJADAS,ID_EMPLEADO,ID_PROYECTO) values ('ASG05',to_date('10/01/26','DD/MM/RR'),to_date('31/10/26','DD/MM/RR'),'170','E05','P03');
Insert into PROYECTO.ASIGNACION_PROYECTO (ID_ASIG_PROYECTO,FECHA_INICIO,FECHA_FIN,HORAS_TRABAJADAS,ID_EMPLEADO,ID_PROYECTO) values ('ASG06',to_date('10/01/26','DD/MM/RR'),to_date('31/10/26','DD/MM/RR'),'165','E06','P03');
Insert into PROYECTO.ASIGNACION_PROYECTO (ID_ASIG_PROYECTO,FECHA_INICIO,FECHA_FIN,HORAS_TRABAJADAS,ID_EMPLEADO,ID_PROYECTO) values ('ASG07',to_date('15/01/26','DD/MM/RR'),to_date('31/12/26','DD/MM/RR'),'160','E07','P04');
Insert into PROYECTO.ASIGNACION_PROYECTO (ID_ASIG_PROYECTO,FECHA_INICIO,FECHA_FIN,HORAS_TRABAJADAS,ID_EMPLEADO,ID_PROYECTO) values ('ASG08',to_date('15/01/26','DD/MM/RR'),to_date('31/12/26','DD/MM/RR'),'178','E08','P04');
Insert into PROYECTO.ASIGNACION_PROYECTO (ID_ASIG_PROYECTO,FECHA_INICIO,FECHA_FIN,HORAS_TRABAJADAS,ID_EMPLEADO,ID_PROYECTO) values ('ASG09',to_date('20/01/26','DD/MM/RR'),to_date('30/09/26','DD/MM/RR'),'172','E09','P05');
Insert into PROYECTO.ASIGNACION_PROYECTO (ID_ASIG_PROYECTO,FECHA_INICIO,FECHA_FIN,HORAS_TRABAJADAS,ID_EMPLEADO,ID_PROYECTO) values ('ASG10',to_date('20/01/26','DD/MM/RR'),to_date('30/09/26','DD/MM/RR'),'169','E10','P05');
Insert into PROYECTO.ASIGNACION_PROYECTO (ID_ASIG_PROYECTO,FECHA_INICIO,FECHA_FIN,HORAS_TRABAJADAS,ID_EMPLEADO,ID_PROYECTO) values ('ASG11',to_date('01/02/26','DD/MM/RR'),to_date('31/12/26','DD/MM/RR'),'160','E11','P06');
Insert into PROYECTO.ASIGNACION_PROYECTO (ID_ASIG_PROYECTO,FECHA_INICIO,FECHA_FIN,HORAS_TRABAJADAS,ID_EMPLEADO,ID_PROYECTO) values ('ASG12',to_date('01/02/26','DD/MM/RR'),to_date('31/12/26','DD/MM/RR'),'175','E12','P06');
Insert into PROYECTO.ASIGNACION_PROYECTO (ID_ASIG_PROYECTO,FECHA_INICIO,FECHA_FIN,HORAS_TRABAJADAS,ID_EMPLEADO,ID_PROYECTO) values ('ASG13',to_date('05/02/26','DD/MM/RR'),to_date('30/11/26','DD/MM/RR'),'170','E13','P07');
Insert into PROYECTO.ASIGNACION_PROYECTO (ID_ASIG_PROYECTO,FECHA_INICIO,FECHA_FIN,HORAS_TRABAJADAS,ID_EMPLEADO,ID_PROYECTO) values ('ASG14',to_date('05/02/26','DD/MM/RR'),to_date('30/11/26','DD/MM/RR'),'180','E14','P07');
Insert into PROYECTO.ASIGNACION_PROYECTO (ID_ASIG_PROYECTO,FECHA_INICIO,FECHA_FIN,HORAS_TRABAJADAS,ID_EMPLEADO,ID_PROYECTO) values ('ASG15',to_date('10/02/26','DD/MM/RR'),to_date('31/10/26','DD/MM/RR'),'165','E15','P08');
Insert into PROYECTO.ASIGNACION_PROYECTO (ID_ASIG_PROYECTO,FECHA_INICIO,FECHA_FIN,HORAS_TRABAJADAS,ID_EMPLEADO,ID_PROYECTO) values ('ASG16',to_date('10/02/26','DD/MM/RR'),to_date('31/10/26','DD/MM/RR'),'175','E16','P08');
Insert into PROYECTO.ASIGNACION_PROYECTO (ID_ASIG_PROYECTO,FECHA_INICIO,FECHA_FIN,HORAS_TRABAJADAS,ID_EMPLEADO,ID_PROYECTO) values ('ASG17',to_date('15/02/26','DD/MM/RR'),to_date('31/12/26','DD/MM/RR'),'168','E17','P09');
Insert into PROYECTO.ASIGNACION_PROYECTO (ID_ASIG_PROYECTO,FECHA_INICIO,FECHA_FIN,HORAS_TRABAJADAS,ID_EMPLEADO,ID_PROYECTO) values ('ASG18',to_date('15/02/26','DD/MM/RR'),to_date('31/12/26','DD/MM/RR'),'182','E18','P09');
Insert into PROYECTO.ASIGNACION_PROYECTO (ID_ASIG_PROYECTO,FECHA_INICIO,FECHA_FIN,HORAS_TRABAJADAS,ID_EMPLEADO,ID_PROYECTO) values ('ASG19',to_date('20/02/26','DD/MM/RR'),to_date('30/09/26','DD/MM/RR'),'170','E19','P10');
Insert into PROYECTO.ASIGNACION_PROYECTO (ID_ASIG_PROYECTO,FECHA_INICIO,FECHA_FIN,HORAS_TRABAJADAS,ID_EMPLEADO,ID_PROYECTO) values ('ASG20',to_date('20/02/26','DD/MM/RR'),to_date('30/09/26','DD/MM/RR'),'176','E20','P10');
Insert into PROYECTO.ASIGNACION_PROYECTO (ID_ASIG_PROYECTO,FECHA_INICIO,FECHA_FIN,HORAS_TRABAJADAS,ID_EMPLEADO,ID_PROYECTO) values ('ASG21',to_date('01/03/26','DD/MM/RR'),to_date('31/12/26','DD/MM/RR'),'160','E21','P11');
Insert into PROYECTO.ASIGNACION_PROYECTO (ID_ASIG_PROYECTO,FECHA_INICIO,FECHA_FIN,HORAS_TRABAJADAS,ID_EMPLEADO,ID_PROYECTO) values ('ASG22',to_date('01/03/26','DD/MM/RR'),to_date('31/12/26','DD/MM/RR'),'175','E22','P11');
Insert into PROYECTO.ASIGNACION_PROYECTO (ID_ASIG_PROYECTO,FECHA_INICIO,FECHA_FIN,HORAS_TRABAJADAS,ID_EMPLEADO,ID_PROYECTO) values ('ASG23',to_date('05/03/26','DD/MM/RR'),to_date('30/11/26','DD/MM/RR'),'170','E23','P12');
Insert into PROYECTO.ASIGNACION_PROYECTO (ID_ASIG_PROYECTO,FECHA_INICIO,FECHA_FIN,HORAS_TRABAJADAS,ID_EMPLEADO,ID_PROYECTO) values ('ASG24',to_date('05/03/26','DD/MM/RR'),to_date('30/11/26','DD/MM/RR'),'180','E24','P12');
Insert into PROYECTO.ASIGNACION_PROYECTO (ID_ASIG_PROYECTO,FECHA_INICIO,FECHA_FIN,HORAS_TRABAJADAS,ID_EMPLEADO,ID_PROYECTO) values ('ASG25',to_date('10/03/26','DD/MM/RR'),to_date('31/10/26','DD/MM/RR'),'165','E25','P13');
Insert into PROYECTO.ASIGNACION_PROYECTO (ID_ASIG_PROYECTO,FECHA_INICIO,FECHA_FIN,HORAS_TRABAJADAS,ID_EMPLEADO,ID_PROYECTO) values ('ASG26',to_date('10/03/26','DD/MM/RR'),to_date('31/10/26','DD/MM/RR'),'175','E26','P13');
Insert into PROYECTO.ASIGNACION_PROYECTO (ID_ASIG_PROYECTO,FECHA_INICIO,FECHA_FIN,HORAS_TRABAJADAS,ID_EMPLEADO,ID_PROYECTO) values ('ASG27',to_date('15/03/26','DD/MM/RR'),to_date('31/12/26','DD/MM/RR'),'168','E27','P14');
Insert into PROYECTO.ASIGNACION_PROYECTO (ID_ASIG_PROYECTO,FECHA_INICIO,FECHA_FIN,HORAS_TRABAJADAS,ID_EMPLEADO,ID_PROYECTO) values ('ASG28',to_date('15/03/26','DD/MM/RR'),to_date('31/12/26','DD/MM/RR'),'182','E28','P14');
Insert into PROYECTO.ASIGNACION_PROYECTO (ID_ASIG_PROYECTO,FECHA_INICIO,FECHA_FIN,HORAS_TRABAJADAS,ID_EMPLEADO,ID_PROYECTO) values ('ASG29',to_date('20/03/26','DD/MM/RR'),to_date('30/09/26','DD/MM/RR'),'170','E29','P15');
Insert into PROYECTO.ASIGNACION_PROYECTO (ID_ASIG_PROYECTO,FECHA_INICIO,FECHA_FIN,HORAS_TRABAJADAS,ID_EMPLEADO,ID_PROYECTO) values ('ASG30',to_date('20/03/26','DD/MM/RR'),to_date('30/09/26','DD/MM/RR'),'176','E30','P15');
Insert into PROYECTO.ASIGNACION_PROYECTO (ID_ASIG_PROYECTO,FECHA_INICIO,FECHA_FIN,HORAS_TRABAJADAS,ID_EMPLEADO,ID_PROYECTO) values ('ASG31',to_date('01/04/26','DD/MM/RR'),to_date('31/12/26','DD/MM/RR'),'160','E31','P16');
Insert into PROYECTO.ASIGNACION_PROYECTO (ID_ASIG_PROYECTO,FECHA_INICIO,FECHA_FIN,HORAS_TRABAJADAS,ID_EMPLEADO,ID_PROYECTO) values ('ASG32',to_date('01/04/26','DD/MM/RR'),to_date('31/12/26','DD/MM/RR'),'175','E32','P16');
Insert into PROYECTO.ASIGNACION_PROYECTO (ID_ASIG_PROYECTO,FECHA_INICIO,FECHA_FIN,HORAS_TRABAJADAS,ID_EMPLEADO,ID_PROYECTO) values ('ASG33',to_date('05/04/26','DD/MM/RR'),to_date('30/11/26','DD/MM/RR'),'170','E33','P17');
Insert into PROYECTO.ASIGNACION_PROYECTO (ID_ASIG_PROYECTO,FECHA_INICIO,FECHA_FIN,HORAS_TRABAJADAS,ID_EMPLEADO,ID_PROYECTO) values ('ASG34',to_date('05/04/26','DD/MM/RR'),to_date('30/11/26','DD/MM/RR'),'180','E34','P17');
Insert into PROYECTO.ASIGNACION_PROYECTO (ID_ASIG_PROYECTO,FECHA_INICIO,FECHA_FIN,HORAS_TRABAJADAS,ID_EMPLEADO,ID_PROYECTO) values ('ASG35',to_date('10/04/26','DD/MM/RR'),to_date('31/10/26','DD/MM/RR'),'165','E35','P18');
Insert into PROYECTO.ASIGNACION_PROYECTO (ID_ASIG_PROYECTO,FECHA_INICIO,FECHA_FIN,HORAS_TRABAJADAS,ID_EMPLEADO,ID_PROYECTO) values ('ASG36',to_date('10/04/26','DD/MM/RR'),to_date('31/10/26','DD/MM/RR'),'175','E36','P18');
Insert into PROYECTO.ASIGNACION_PROYECTO (ID_ASIG_PROYECTO,FECHA_INICIO,FECHA_FIN,HORAS_TRABAJADAS,ID_EMPLEADO,ID_PROYECTO) values ('ASG37',to_date('15/04/26','DD/MM/RR'),to_date('31/12/26','DD/MM/RR'),'168','E37','P19');
Insert into PROYECTO.ASIGNACION_PROYECTO (ID_ASIG_PROYECTO,FECHA_INICIO,FECHA_FIN,HORAS_TRABAJADAS,ID_EMPLEADO,ID_PROYECTO) values ('ASG38',to_date('15/04/26','DD/MM/RR'),to_date('31/12/26','DD/MM/RR'),'182','E38','P19');
Insert into PROYECTO.ASIGNACION_PROYECTO (ID_ASIG_PROYECTO,FECHA_INICIO,FECHA_FIN,HORAS_TRABAJADAS,ID_EMPLEADO,ID_PROYECTO) values ('ASG39',to_date('20/04/26','DD/MM/RR'),to_date('30/09/26','DD/MM/RR'),'170','E39','P20');
Insert into PROYECTO.ASIGNACION_PROYECTO (ID_ASIG_PROYECTO,FECHA_INICIO,FECHA_FIN,HORAS_TRABAJADAS,ID_EMPLEADO,ID_PROYECTO) values ('ASG40',to_date('20/04/26','DD/MM/RR'),to_date('30/09/26','DD/MM/RR'),'176','E40','P20');
Insert into PROYECTO.ASIGNACION_PROYECTO (ID_ASIG_PROYECTO,FECHA_INICIO,FECHA_FIN,HORAS_TRABAJADAS,ID_EMPLEADO,ID_PROYECTO) values ('ASG41',to_date('01/05/26','DD/MM/RR'),to_date('31/12/26','DD/MM/RR'),'160','E41','P21');
Insert into PROYECTO.ASIGNACION_PROYECTO (ID_ASIG_PROYECTO,FECHA_INICIO,FECHA_FIN,HORAS_TRABAJADAS,ID_EMPLEADO,ID_PROYECTO) values ('ASG42',to_date('01/05/26','DD/MM/RR'),to_date('31/12/26','DD/MM/RR'),'175','E42','P21');
Insert into PROYECTO.ASIGNACION_PROYECTO (ID_ASIG_PROYECTO,FECHA_INICIO,FECHA_FIN,HORAS_TRABAJADAS,ID_EMPLEADO,ID_PROYECTO) values ('ASG43',to_date('05/05/26','DD/MM/RR'),to_date('30/11/26','DD/MM/RR'),'170','E43','P22');
Insert into PROYECTO.ASIGNACION_PROYECTO (ID_ASIG_PROYECTO,FECHA_INICIO,FECHA_FIN,HORAS_TRABAJADAS,ID_EMPLEADO,ID_PROYECTO) values ('ASG44',to_date('05/05/26','DD/MM/RR'),to_date('30/11/26','DD/MM/RR'),'180','E44','P22');
Insert into PROYECTO.ASIGNACION_PROYECTO (ID_ASIG_PROYECTO,FECHA_INICIO,FECHA_FIN,HORAS_TRABAJADAS,ID_EMPLEADO,ID_PROYECTO) values ('ASG45',to_date('10/05/26','DD/MM/RR'),to_date('31/10/26','DD/MM/RR'),'165','E45','P23');
Insert into PROYECTO.ASIGNACION_PROYECTO (ID_ASIG_PROYECTO,FECHA_INICIO,FECHA_FIN,HORAS_TRABAJADAS,ID_EMPLEADO,ID_PROYECTO) values ('ASG46',to_date('10/05/26','DD/MM/RR'),to_date('31/10/26','DD/MM/RR'),'175','E46','P23');
Insert into PROYECTO.ASIGNACION_PROYECTO (ID_ASIG_PROYECTO,FECHA_INICIO,FECHA_FIN,HORAS_TRABAJADAS,ID_EMPLEADO,ID_PROYECTO) values ('ASG47',to_date('15/05/26','DD/MM/RR'),to_date('31/12/26','DD/MM/RR'),'168','E47','P24');
Insert into PROYECTO.ASIGNACION_PROYECTO (ID_ASIG_PROYECTO,FECHA_INICIO,FECHA_FIN,HORAS_TRABAJADAS,ID_EMPLEADO,ID_PROYECTO) values ('ASG48',to_date('15/05/26','DD/MM/RR'),to_date('31/12/26','DD/MM/RR'),'182','E48','P24');
Insert into PROYECTO.ASIGNACION_PROYECTO (ID_ASIG_PROYECTO,FECHA_INICIO,FECHA_FIN,HORAS_TRABAJADAS,ID_EMPLEADO,ID_PROYECTO) values ('ASG49',to_date('20/05/26','DD/MM/RR'),to_date('30/09/26','DD/MM/RR'),'170','E49','P25');
Insert into PROYECTO.ASIGNACION_PROYECTO (ID_ASIG_PROYECTO,FECHA_INICIO,FECHA_FIN,HORAS_TRABAJADAS,ID_EMPLEADO,ID_PROYECTO) values ('ASG50',to_date('20/05/26','DD/MM/RR'),to_date('30/09/26','DD/MM/RR'),'176','E50','P25');
Insert into PROYECTO.ASIGNACION_PROYECTO (ID_ASIG_PROYECTO,FECHA_INICIO,FECHA_FIN,HORAS_TRABAJADAS,ID_EMPLEADO,ID_PROYECTO) values ('ASG51',to_date('01/06/26','DD/MM/RR'),to_date('31/12/26','DD/MM/RR'),'160','E01','P26');
Insert into PROYECTO.ASIGNACION_PROYECTO (ID_ASIG_PROYECTO,FECHA_INICIO,FECHA_FIN,HORAS_TRABAJADAS,ID_EMPLEADO,ID_PROYECTO) values ('ASG52',to_date('01/06/26','DD/MM/RR'),to_date('31/12/26','DD/MM/RR'),'175','E02','P26');
Insert into PROYECTO.ASIGNACION_PROYECTO (ID_ASIG_PROYECTO,FECHA_INICIO,FECHA_FIN,HORAS_TRABAJADAS,ID_EMPLEADO,ID_PROYECTO) values ('ASG53',to_date('05/06/26','DD/MM/RR'),to_date('30/11/26','DD/MM/RR'),'170','E03','P27');
Insert into PROYECTO.ASIGNACION_PROYECTO (ID_ASIG_PROYECTO,FECHA_INICIO,FECHA_FIN,HORAS_TRABAJADAS,ID_EMPLEADO,ID_PROYECTO) values ('ASG54',to_date('05/06/26','DD/MM/RR'),to_date('30/11/26','DD/MM/RR'),'180','E04','P27');
Insert into PROYECTO.ASIGNACION_PROYECTO (ID_ASIG_PROYECTO,FECHA_INICIO,FECHA_FIN,HORAS_TRABAJADAS,ID_EMPLEADO,ID_PROYECTO) values ('ASG55',to_date('10/06/26','DD/MM/RR'),to_date('31/10/26','DD/MM/RR'),'165','E05','P28');
Insert into PROYECTO.ASIGNACION_PROYECTO (ID_ASIG_PROYECTO,FECHA_INICIO,FECHA_FIN,HORAS_TRABAJADAS,ID_EMPLEADO,ID_PROYECTO) values ('ASG56',to_date('10/06/26','DD/MM/RR'),to_date('31/10/26','DD/MM/RR'),'175','E06','P28');
Insert into PROYECTO.ASIGNACION_PROYECTO (ID_ASIG_PROYECTO,FECHA_INICIO,FECHA_FIN,HORAS_TRABAJADAS,ID_EMPLEADO,ID_PROYECTO) values ('ASG57',to_date('15/06/26','DD/MM/RR'),to_date('31/12/26','DD/MM/RR'),'168','E07','P29');
Insert into PROYECTO.ASIGNACION_PROYECTO (ID_ASIG_PROYECTO,FECHA_INICIO,FECHA_FIN,HORAS_TRABAJADAS,ID_EMPLEADO,ID_PROYECTO) values ('ASG58',to_date('15/06/26','DD/MM/RR'),to_date('31/12/26','DD/MM/RR'),'182','E08','P29');
Insert into PROYECTO.ASIGNACION_PROYECTO (ID_ASIG_PROYECTO,FECHA_INICIO,FECHA_FIN,HORAS_TRABAJADAS,ID_EMPLEADO,ID_PROYECTO) values ('ASG59',to_date('20/06/26','DD/MM/RR'),to_date('30/09/26','DD/MM/RR'),'170','E09','P30');
Insert into PROYECTO.ASIGNACION_PROYECTO (ID_ASIG_PROYECTO,FECHA_INICIO,FECHA_FIN,HORAS_TRABAJADAS,ID_EMPLEADO,ID_PROYECTO) values ('ASG60',to_date('20/06/26','DD/MM/RR'),to_date('30/09/26','DD/MM/RR'),'176','E10','P30');
Insert into PROYECTO.ASIGNACION_PROYECTO (ID_ASIG_PROYECTO,FECHA_INICIO,FECHA_FIN,HORAS_TRABAJADAS,ID_EMPLEADO,ID_PROYECTO) values ('ASG61',to_date('01/07/26','DD/MM/RR'),to_date('31/12/26','DD/MM/RR'),'160','E11','P31');
Insert into PROYECTO.ASIGNACION_PROYECTO (ID_ASIG_PROYECTO,FECHA_INICIO,FECHA_FIN,HORAS_TRABAJADAS,ID_EMPLEADO,ID_PROYECTO) values ('ASG62',to_date('01/07/26','DD/MM/RR'),to_date('31/12/26','DD/MM/RR'),'175','E12','P31');
Insert into PROYECTO.ASIGNACION_PROYECTO (ID_ASIG_PROYECTO,FECHA_INICIO,FECHA_FIN,HORAS_TRABAJADAS,ID_EMPLEADO,ID_PROYECTO) values ('ASG63',to_date('05/07/26','DD/MM/RR'),to_date('30/11/26','DD/MM/RR'),'170','E13','P32');
Insert into PROYECTO.ASIGNACION_PROYECTO (ID_ASIG_PROYECTO,FECHA_INICIO,FECHA_FIN,HORAS_TRABAJADAS,ID_EMPLEADO,ID_PROYECTO) values ('ASG64',to_date('05/07/26','DD/MM/RR'),to_date('30/11/26','DD/MM/RR'),'180','E14','P32');
Insert into PROYECTO.ASIGNACION_PROYECTO (ID_ASIG_PROYECTO,FECHA_INICIO,FECHA_FIN,HORAS_TRABAJADAS,ID_EMPLEADO,ID_PROYECTO) values ('ASG65',to_date('10/07/26','DD/MM/RR'),to_date('31/10/26','DD/MM/RR'),'165','E15','P33');
Insert into PROYECTO.ASIGNACION_PROYECTO (ID_ASIG_PROYECTO,FECHA_INICIO,FECHA_FIN,HORAS_TRABAJADAS,ID_EMPLEADO,ID_PROYECTO) values ('ASG66',to_date('10/07/26','DD/MM/RR'),to_date('31/10/26','DD/MM/RR'),'175','E16','P33');
Insert into PROYECTO.ASIGNACION_PROYECTO (ID_ASIG_PROYECTO,FECHA_INICIO,FECHA_FIN,HORAS_TRABAJADAS,ID_EMPLEADO,ID_PROYECTO) values ('ASG67',to_date('15/07/26','DD/MM/RR'),to_date('31/12/26','DD/MM/RR'),'168','E17','P34');
Insert into PROYECTO.ASIGNACION_PROYECTO (ID_ASIG_PROYECTO,FECHA_INICIO,FECHA_FIN,HORAS_TRABAJADAS,ID_EMPLEADO,ID_PROYECTO) values ('ASG68',to_date('15/07/26','DD/MM/RR'),to_date('31/12/26','DD/MM/RR'),'182','E18','P34');
Insert into PROYECTO.ASIGNACION_PROYECTO (ID_ASIG_PROYECTO,FECHA_INICIO,FECHA_FIN,HORAS_TRABAJADAS,ID_EMPLEADO,ID_PROYECTO) values ('ASG69',to_date('20/07/26','DD/MM/RR'),to_date('30/09/26','DD/MM/RR'),'170','E19','P35');
Insert into PROYECTO.ASIGNACION_PROYECTO (ID_ASIG_PROYECTO,FECHA_INICIO,FECHA_FIN,HORAS_TRABAJADAS,ID_EMPLEADO,ID_PROYECTO) values ('ASG70',to_date('20/07/26','DD/MM/RR'),to_date('30/09/26','DD/MM/RR'),'176','E20','P35');
Insert into PROYECTO.ASIGNACION_PROYECTO (ID_ASIG_PROYECTO,FECHA_INICIO,FECHA_FIN,HORAS_TRABAJADAS,ID_EMPLEADO,ID_PROYECTO) values ('ASG71',to_date('01/08/26','DD/MM/RR'),to_date('31/12/26','DD/MM/RR'),'160','E21','P36');
Insert into PROYECTO.ASIGNACION_PROYECTO (ID_ASIG_PROYECTO,FECHA_INICIO,FECHA_FIN,HORAS_TRABAJADAS,ID_EMPLEADO,ID_PROYECTO) values ('ASG72',to_date('01/08/26','DD/MM/RR'),to_date('31/12/26','DD/MM/RR'),'175','E22','P36');
Insert into PROYECTO.ASIGNACION_PROYECTO (ID_ASIG_PROYECTO,FECHA_INICIO,FECHA_FIN,HORAS_TRABAJADAS,ID_EMPLEADO,ID_PROYECTO) values ('ASG73',to_date('05/08/26','DD/MM/RR'),to_date('30/11/26','DD/MM/RR'),'170','E23','P37');
Insert into PROYECTO.ASIGNACION_PROYECTO (ID_ASIG_PROYECTO,FECHA_INICIO,FECHA_FIN,HORAS_TRABAJADAS,ID_EMPLEADO,ID_PROYECTO) values ('ASG74',to_date('05/08/26','DD/MM/RR'),to_date('30/11/26','DD/MM/RR'),'180','E24','P37');
Insert into PROYECTO.ASIGNACION_PROYECTO (ID_ASIG_PROYECTO,FECHA_INICIO,FECHA_FIN,HORAS_TRABAJADAS,ID_EMPLEADO,ID_PROYECTO) values ('ASG75',to_date('10/08/26','DD/MM/RR'),to_date('31/10/26','DD/MM/RR'),'165','E25','P38');
Insert into PROYECTO.ASIGNACION_PROYECTO (ID_ASIG_PROYECTO,FECHA_INICIO,FECHA_FIN,HORAS_TRABAJADAS,ID_EMPLEADO,ID_PROYECTO) values ('ASG76',to_date('10/08/26','DD/MM/RR'),to_date('31/10/26','DD/MM/RR'),'175','E26','P38');
Insert into PROYECTO.ASIGNACION_PROYECTO (ID_ASIG_PROYECTO,FECHA_INICIO,FECHA_FIN,HORAS_TRABAJADAS,ID_EMPLEADO,ID_PROYECTO) values ('ASG77',to_date('15/08/26','DD/MM/RR'),to_date('31/12/26','DD/MM/RR'),'168','E27','P39');
Insert into PROYECTO.ASIGNACION_PROYECTO (ID_ASIG_PROYECTO,FECHA_INICIO,FECHA_FIN,HORAS_TRABAJADAS,ID_EMPLEADO,ID_PROYECTO) values ('ASG78',to_date('15/08/26','DD/MM/RR'),to_date('31/12/26','DD/MM/RR'),'182','E28','P39');
Insert into PROYECTO.ASIGNACION_PROYECTO (ID_ASIG_PROYECTO,FECHA_INICIO,FECHA_FIN,HORAS_TRABAJADAS,ID_EMPLEADO,ID_PROYECTO) values ('ASG79',to_date('20/08/26','DD/MM/RR'),to_date('30/09/26','DD/MM/RR'),'170','E29','P40');
Insert into PROYECTO.ASIGNACION_PROYECTO (ID_ASIG_PROYECTO,FECHA_INICIO,FECHA_FIN,HORAS_TRABAJADAS,ID_EMPLEADO,ID_PROYECTO) values ('ASG80',to_date('20/08/26','DD/MM/RR'),to_date('30/09/26','DD/MM/RR'),'176','E30','P40');
REM INSERTING into PROYECTO.CLIENTES
SET DEFINE OFF;
Insert into PROYECTO.CLIENTES (ID_CLIENTE,NOMBRE,APELLIDO,TELEFONO,CORREO,DIRECCION) values ('C01','Luis','Quesada','8627-4254','luisquesada@gmail.com','Urbanización los rosales,Curridabat');
Insert into PROYECTO.CLIENTES (ID_CLIENTE,NOMBRE,APELLIDO,TELEFONO,CORREO,DIRECCION) values ('C02','María','Rodríguez','8881-0002','maria.rodriguez@gmail.com','Tres Ríos, Cartago');
Insert into PROYECTO.CLIENTES (ID_CLIENTE,NOMBRE,APELLIDO,TELEFONO,CORREO,DIRECCION) values ('C03','Carlos','Mora','8881-0003','carlos.mora@gmail.com','San Pedro, Montes de Oca');
Insert into PROYECTO.CLIENTES (ID_CLIENTE,NOMBRE,APELLIDO,TELEFONO,CORREO,DIRECCION) values ('C04','Ana','Jiménez','8881-0004','ana.jimenez@gmail.com','Desamparados, San José');
Insert into PROYECTO.CLIENTES (ID_CLIENTE,NOMBRE,APELLIDO,TELEFONO,CORREO,DIRECCION) values ('C05','José','Vargas','8881-0005','jose.vargas@gmail.com','Alajuela Centro');
Insert into PROYECTO.CLIENTES (ID_CLIENTE,NOMBRE,APELLIDO,TELEFONO,CORREO,DIRECCION) values ('C06','Laura','Soto','8881-0006','laura.soto@gmail.com','Heredia Centro');
Insert into PROYECTO.CLIENTES (ID_CLIENTE,NOMBRE,APELLIDO,TELEFONO,CORREO,DIRECCION) values ('C07','Andrés','Castro','8881-0007','andres.castro@gmail.com','Cartago Centro');
Insert into PROYECTO.CLIENTES (ID_CLIENTE,NOMBRE,APELLIDO,TELEFONO,CORREO,DIRECCION) values ('C08','Daniela','Rojas','8881-0008','daniela.rojas@gmail.com','Curridabat, San José');
Insert into PROYECTO.CLIENTES (ID_CLIENTE,NOMBRE,APELLIDO,TELEFONO,CORREO,DIRECCION) values ('C09','Miguel','Araya','8881-0009','miguel.araya@gmail.com','Escazú, San José');
Insert into PROYECTO.CLIENTES (ID_CLIENTE,NOMBRE,APELLIDO,TELEFONO,CORREO,DIRECCION) values ('C10','Paula','Ramírez','8881-0010','paula.ramirez@gmail.com','Belén, Heredia');
Insert into PROYECTO.CLIENTES (ID_CLIENTE,NOMBRE,APELLIDO,TELEFONO,CORREO,DIRECCION) values ('C11','Ricardo','León','8881-0011','ricardo.leon@gmail.com','Santa Ana, San José');
Insert into PROYECTO.CLIENTES (ID_CLIENTE,NOMBRE,APELLIDO,TELEFONO,CORREO,DIRECCION) values ('C12','Gabriela','Navarro','8881-0012','gabriela.navarro@gmail.com','Grecia, Alajuela');
Insert into PROYECTO.CLIENTES (ID_CLIENTE,NOMBRE,APELLIDO,TELEFONO,CORREO,DIRECCION) values ('C13','Fernando','Salas','8881-0013','fernando.salas@gmail.com','Atenas, Alajuela');
Insert into PROYECTO.CLIENTES (ID_CLIENTE,NOMBRE,APELLIDO,TELEFONO,CORREO,DIRECCION) values ('C14','Valeria','Herrera','8881-0014','valeria.herrera@gmail.com','Moravia, San José');
Insert into PROYECTO.CLIENTES (ID_CLIENTE,NOMBRE,APELLIDO,TELEFONO,CORREO,DIRECCION) values ('C15','Javier','Campos','8881-0015','javier.campos@gmail.com','Goicoechea, San José');
Insert into PROYECTO.CLIENTES (ID_CLIENTE,NOMBRE,APELLIDO,TELEFONO,CORREO,DIRECCION) values ('C16','Sofía','Montero','8881-0016','sofia.montero@gmail.com','Santo Domingo, Heredia');
Insert into PROYECTO.CLIENTES (ID_CLIENTE,NOMBRE,APELLIDO,TELEFONO,CORREO,DIRECCION) values ('C17','Kevin','Pérez','8881-0017','kevin.perez@gmail.com','San Ramón, Alajuela');
Insert into PROYECTO.CLIENTES (ID_CLIENTE,NOMBRE,APELLIDO,TELEFONO,CORREO,DIRECCION) values ('C18','Natalia','Chaves','8881-0018','natalia.chaves@gmail.com','Paraíso, Cartago');
Insert into PROYECTO.CLIENTES (ID_CLIENTE,NOMBRE,APELLIDO,TELEFONO,CORREO,DIRECCION) values ('C19','Esteban','Aguilar','8881-0019','esteban.aguilar@gmail.com','Oreamuno, Cartago');
Insert into PROYECTO.CLIENTES (ID_CLIENTE,NOMBRE,APELLIDO,TELEFONO,CORREO,DIRECCION) values ('C20','Andrea','Méndez','8881-0020','andrea.mendez@gmail.com','Tibás, San José');
Insert into PROYECTO.CLIENTES (ID_CLIENTE,NOMBRE,APELLIDO,TELEFONO,CORREO,DIRECCION) values ('C21','Marco','Solano','8881-0021','marco.solano@gmail.com','Barva, Heredia');
Insert into PROYECTO.CLIENTES (ID_CLIENTE,NOMBRE,APELLIDO,TELEFONO,CORREO,DIRECCION) values ('C22','Camila','Valverde','8881-0022','camila.valverde@gmail.com','Flores, Heredia');
Insert into PROYECTO.CLIENTES (ID_CLIENTE,NOMBRE,APELLIDO,TELEFONO,CORREO,DIRECCION) values ('C23','Diego','Alfaro','8881-0023','diego.alfaro@gmail.com','Naranjo, Alajuela');
Insert into PROYECTO.CLIENTES (ID_CLIENTE,NOMBRE,APELLIDO,TELEFONO,CORREO,DIRECCION) values ('C24','Karen','Fuentes','8881-0024','karen.fuentes@gmail.com','Palmares, Alajuela');
Insert into PROYECTO.CLIENTES (ID_CLIENTE,NOMBRE,APELLIDO,TELEFONO,CORREO,DIRECCION) values ('C25','Alejandro','Mora','8881-0025','alejandro.mora@gmail.com','Esparza, Puntarenas');
Insert into PROYECTO.CLIENTES (ID_CLIENTE,NOMBRE,APELLIDO,TELEFONO,CORREO,DIRECCION) values ('C26','Melissa','Quesada','8881-0026','melissa.quesada@gmail.com','Liberia, Guanacaste');
Insert into PROYECTO.CLIENTES (ID_CLIENTE,NOMBRE,APELLIDO,TELEFONO,CORREO,DIRECCION) values ('C27','Bryan','Cordero','8881-0027','bryan.cordero@gmail.com','Nicoya, Guanacaste');
Insert into PROYECTO.CLIENTES (ID_CLIENTE,NOMBRE,APELLIDO,TELEFONO,CORREO,DIRECCION) values ('C28','Carolina','Vega','8881-0028','carolina.vega@gmail.com','Santa Cruz, Guanacaste');
Insert into PROYECTO.CLIENTES (ID_CLIENTE,NOMBRE,APELLIDO,TELEFONO,CORREO,DIRECCION) values ('C29','Mauricio','Rojas','8881-0029','mauricio.rojas@gmail.com','Pérez Zeledón, San José');
Insert into PROYECTO.CLIENTES (ID_CLIENTE,NOMBRE,APELLIDO,TELEFONO,CORREO,DIRECCION) values ('C30','Tatiana','Mora','8881-0030','tatiana.mora@gmail.com','San Isidro de Heredia');
Insert into PROYECTO.CLIENTES (ID_CLIENTE,NOMBRE,APELLIDO,TELEFONO,CORREO,DIRECCION) values ('C31','Roberto','Arce','8881-0031','roberto.arce@gmail.com','Guápiles, Limón');
Insert into PROYECTO.CLIENTES (ID_CLIENTE,NOMBRE,APELLIDO,TELEFONO,CORREO,DIRECCION) values ('C32','Diana','Campos','8881-0032','diana.campos@gmail.com','Siquirres, Limón');
Insert into PROYECTO.CLIENTES (ID_CLIENTE,NOMBRE,APELLIDO,TELEFONO,CORREO,DIRECCION) values ('C33','Cristian','Brenes','8881-0033','cristian.brenes@gmail.com','Limón Centro');
Insert into PROYECTO.CLIENTES (ID_CLIENTE,NOMBRE,APELLIDO,TELEFONO,CORREO,DIRECCION) values ('C34','Viviana','Gómez','8881-0034','viviana.gomez@gmail.com','Pococí, Limón');
Insert into PROYECTO.CLIENTES (ID_CLIENTE,NOMBRE,APELLIDO,TELEFONO,CORREO,DIRECCION) values ('C35','Oscar','Murillo','8881-0035','oscar.murillo@gmail.com','Corredores, Puntarenas');
Insert into PROYECTO.CLIENTES (ID_CLIENTE,NOMBRE,APELLIDO,TELEFONO,CORREO,DIRECCION) values ('C36','Patricia','Cruz','8881-0036','patricia.cruz@gmail.com','Golfito, Puntarenas');
Insert into PROYECTO.CLIENTES (ID_CLIENTE,NOMBRE,APELLIDO,TELEFONO,CORREO,DIRECCION) values ('C37','Alberto','Villalobos','8881-0037','alberto.villalobos@gmail.com','Quepos, Puntarenas');
Insert into PROYECTO.CLIENTES (ID_CLIENTE,NOMBRE,APELLIDO,TELEFONO,CORREO,DIRECCION) values ('C38','Monica','Segura','8881-0038','monica.segura@gmail.com','Parrita, Puntarenas');
Insert into PROYECTO.CLIENTES (ID_CLIENTE,NOMBRE,APELLIDO,TELEFONO,CORREO,DIRECCION) values ('C39','Julio','García','8881-0039','julio.garcia@gmail.com','Jacó, Puntarenas');
Insert into PROYECTO.CLIENTES (ID_CLIENTE,NOMBRE,APELLIDO,TELEFONO,CORREO,DIRECCION) values ('C40','Yessenia','Ruiz','8881-0040','yessenia.ruiz@gmail.com','Cañas, Guanacaste');
Insert into PROYECTO.CLIENTES (ID_CLIENTE,NOMBRE,APELLIDO,TELEFONO,CORREO,DIRECCION) values ('C41','Francisco','Sánchez','8881-0041','francisco.sanchez@gmail.com','Bagaces, Guanacaste');
Insert into PROYECTO.CLIENTES (ID_CLIENTE,NOMBRE,APELLIDO,TELEFONO,CORREO,DIRECCION) values ('C42','Paola','Arias','8881-0042','paola.arias@gmail.com','Turrialba, Cartago');
Insert into PROYECTO.CLIENTES (ID_CLIENTE,NOMBRE,APELLIDO,TELEFONO,CORREO,DIRECCION) values ('C43','Gilberto','Mena','8881-0043','gilberto.mena@gmail.com','La Unión, Cartago');
Insert into PROYECTO.CLIENTES (ID_CLIENTE,NOMBRE,APELLIDO,TELEFONO,CORREO,DIRECCION) values ('C44','Rebeca','Porras','8881-0044','rebeca.porras@gmail.com','Alvarado, Cartago');
Insert into PROYECTO.CLIENTES (ID_CLIENTE,NOMBRE,APELLIDO,TELEFONO,CORREO,DIRECCION) values ('C45','Gerardo','Valverde','8881-0045','gerardo.valverde@gmail.com','Aserrí, San José');
Insert into PROYECTO.CLIENTES (ID_CLIENTE,NOMBRE,APELLIDO,TELEFONO,CORREO,DIRECCION) values ('C46','Lorena','Vargas','8881-0046','lorena.vargas@gmail.com','Acosta, San José');
Insert into PROYECTO.CLIENTES (ID_CLIENTE,NOMBRE,APELLIDO,TELEFONO,CORREO,DIRECCION) values ('C47','Mauricio','Jiménez','8881-0047','mauricio.jimenez@gmail.com','Puriscal, San José');
Insert into PROYECTO.CLIENTES (ID_CLIENTE,NOMBRE,APELLIDO,TELEFONO,CORREO,DIRECCION) values ('C48','Verónica','Castillo','8881-0048','veronica.castillo@gmail.com','León Cortés, San José');
Insert into PROYECTO.CLIENTES (ID_CLIENTE,NOMBRE,APELLIDO,TELEFONO,CORREO,DIRECCION) values ('C49','Sergio','Herrera','8881-0049','sergio.herrera@gmail.com','Tarrazú, San José');
Insert into PROYECTO.CLIENTES (ID_CLIENTE,NOMBRE,APELLIDO,TELEFONO,CORREO,DIRECCION) values ('C50','Daniela','Rojas','8881-0050','daniela.rojas@gmail.com','Dota, San José');
REM INSERTING into PROYECTO.CONTROL_COMBUSTIBLE
SET DEFINE OFF;
Insert into PROYECTO.CONTROL_COMBUSTIBLE (ID_CONTROL_COMBUSTIBLE,FECHA,CANTIDAD_LITROS,COSTO,ODOMETRO,ID_MAQUINARIA,ID_PROYECTO) values ('CC01',to_date('15/01/26','DD/MM/RR'),'120','114000','5200','MQ01','P01');
Insert into PROYECTO.CONTROL_COMBUSTIBLE (ID_CONTROL_COMBUSTIBLE,FECHA,CANTIDAD_LITROS,COSTO,ODOMETRO,ID_MAQUINARIA,ID_PROYECTO) values ('CC02',to_date('18/01/26','DD/MM/RR'),'150','142500','6100','MQ02','P02');
Insert into PROYECTO.CONTROL_COMBUSTIBLE (ID_CONTROL_COMBUSTIBLE,FECHA,CANTIDAD_LITROS,COSTO,ODOMETRO,ID_MAQUINARIA,ID_PROYECTO) values ('CC03',to_date('22/01/26','DD/MM/RR'),'180','171000','7300','MQ03','P03');
Insert into PROYECTO.CONTROL_COMBUSTIBLE (ID_CONTROL_COMBUSTIBLE,FECHA,CANTIDAD_LITROS,COSTO,ODOMETRO,ID_MAQUINARIA,ID_PROYECTO) values ('CC04',to_date('25/01/26','DD/MM/RR'),'200','190000','8100','MQ04','P04');
Insert into PROYECTO.CONTROL_COMBUSTIBLE (ID_CONTROL_COMBUSTIBLE,FECHA,CANTIDAD_LITROS,COSTO,ODOMETRO,ID_MAQUINARIA,ID_PROYECTO) values ('CC05',to_date('28/01/26','DD/MM/RR'),'160','152000','9200','MQ05','P05');
Insert into PROYECTO.CONTROL_COMBUSTIBLE (ID_CONTROL_COMBUSTIBLE,FECHA,CANTIDAD_LITROS,COSTO,ODOMETRO,ID_MAQUINARIA,ID_PROYECTO) values ('CC06',to_date('02/02/26','DD/MM/RR'),'210','199500','10500','MQ06','P06');
Insert into PROYECTO.CONTROL_COMBUSTIBLE (ID_CONTROL_COMBUSTIBLE,FECHA,CANTIDAD_LITROS,COSTO,ODOMETRO,ID_MAQUINARIA,ID_PROYECTO) values ('CC07',to_date('05/02/26','DD/MM/RR'),'175','166250','11800','MQ07','P07');
Insert into PROYECTO.CONTROL_COMBUSTIBLE (ID_CONTROL_COMBUSTIBLE,FECHA,CANTIDAD_LITROS,COSTO,ODOMETRO,ID_MAQUINARIA,ID_PROYECTO) values ('CC08',to_date('08/02/26','DD/MM/RR'),'220','209000','12600','MQ08','P08');
Insert into PROYECTO.CONTROL_COMBUSTIBLE (ID_CONTROL_COMBUSTIBLE,FECHA,CANTIDAD_LITROS,COSTO,ODOMETRO,ID_MAQUINARIA,ID_PROYECTO) values ('CC09',to_date('12/02/26','DD/MM/RR'),'140','133000','13900','MQ09','P09');
Insert into PROYECTO.CONTROL_COMBUSTIBLE (ID_CONTROL_COMBUSTIBLE,FECHA,CANTIDAD_LITROS,COSTO,ODOMETRO,ID_MAQUINARIA,ID_PROYECTO) values ('CC10',to_date('15/02/26','DD/MM/RR'),'250','237500','15200','MQ10','P10');
Insert into PROYECTO.CONTROL_COMBUSTIBLE (ID_CONTROL_COMBUSTIBLE,FECHA,CANTIDAD_LITROS,COSTO,ODOMETRO,ID_MAQUINARIA,ID_PROYECTO) values ('CC11',to_date('18/02/26','DD/MM/RR'),'190','180500','16500','MQ11','P11');
Insert into PROYECTO.CONTROL_COMBUSTIBLE (ID_CONTROL_COMBUSTIBLE,FECHA,CANTIDAD_LITROS,COSTO,ODOMETRO,ID_MAQUINARIA,ID_PROYECTO) values ('CC12',to_date('22/02/26','DD/MM/RR'),'170','161500','17800','MQ12','P12');
Insert into PROYECTO.CONTROL_COMBUSTIBLE (ID_CONTROL_COMBUSTIBLE,FECHA,CANTIDAD_LITROS,COSTO,ODOMETRO,ID_MAQUINARIA,ID_PROYECTO) values ('CC13',to_date('25/02/26','DD/MM/RR'),'230','218500','18600','MQ13','P13');
Insert into PROYECTO.CONTROL_COMBUSTIBLE (ID_CONTROL_COMBUSTIBLE,FECHA,CANTIDAD_LITROS,COSTO,ODOMETRO,ID_MAQUINARIA,ID_PROYECTO) values ('CC14',to_date('28/02/26','DD/MM/RR'),'260','247000','19900','MQ14','P14');
Insert into PROYECTO.CONTROL_COMBUSTIBLE (ID_CONTROL_COMBUSTIBLE,FECHA,CANTIDAD_LITROS,COSTO,ODOMETRO,ID_MAQUINARIA,ID_PROYECTO) values ('CC15',to_date('03/03/26','DD/MM/RR'),'180','171000','21200','MQ15','P15');
Insert into PROYECTO.CONTROL_COMBUSTIBLE (ID_CONTROL_COMBUSTIBLE,FECHA,CANTIDAD_LITROS,COSTO,ODOMETRO,ID_MAQUINARIA,ID_PROYECTO) values ('CC16',to_date('06/03/26','DD/MM/RR'),'145','137750','22500','MQ16','P16');
Insert into PROYECTO.CONTROL_COMBUSTIBLE (ID_CONTROL_COMBUSTIBLE,FECHA,CANTIDAD_LITROS,COSTO,ODOMETRO,ID_MAQUINARIA,ID_PROYECTO) values ('CC17',to_date('10/03/26','DD/MM/RR'),'210','199500','23800','MQ17','P17');
Insert into PROYECTO.CONTROL_COMBUSTIBLE (ID_CONTROL_COMBUSTIBLE,FECHA,CANTIDAD_LITROS,COSTO,ODOMETRO,ID_MAQUINARIA,ID_PROYECTO) values ('CC18',to_date('14/03/26','DD/MM/RR'),'195','185250','24600','MQ18','P18');
Insert into PROYECTO.CONTROL_COMBUSTIBLE (ID_CONTROL_COMBUSTIBLE,FECHA,CANTIDAD_LITROS,COSTO,ODOMETRO,ID_MAQUINARIA,ID_PROYECTO) values ('CC19',to_date('18/03/26','DD/MM/RR'),'240','228000','25900','MQ19','P19');
Insert into PROYECTO.CONTROL_COMBUSTIBLE (ID_CONTROL_COMBUSTIBLE,FECHA,CANTIDAD_LITROS,COSTO,ODOMETRO,ID_MAQUINARIA,ID_PROYECTO) values ('CC20',to_date('22/03/26','DD/MM/RR'),'280','266000','27200','MQ20','P20');
Insert into PROYECTO.CONTROL_COMBUSTIBLE (ID_CONTROL_COMBUSTIBLE,FECHA,CANTIDAD_LITROS,COSTO,ODOMETRO,ID_MAQUINARIA,ID_PROYECTO) values ('CC21',to_date('25/03/26','DD/MM/RR'),'160','152000','28500','MQ21','P21');
Insert into PROYECTO.CONTROL_COMBUSTIBLE (ID_CONTROL_COMBUSTIBLE,FECHA,CANTIDAD_LITROS,COSTO,ODOMETRO,ID_MAQUINARIA,ID_PROYECTO) values ('CC22',to_date('29/03/26','DD/MM/RR'),'220','209000','29800','MQ22','P22');
Insert into PROYECTO.CONTROL_COMBUSTIBLE (ID_CONTROL_COMBUSTIBLE,FECHA,CANTIDAD_LITROS,COSTO,ODOMETRO,ID_MAQUINARIA,ID_PROYECTO) values ('CC23',to_date('02/04/26','DD/MM/RR'),'250','237500','30600','MQ23','P23');
Insert into PROYECTO.CONTROL_COMBUSTIBLE (ID_CONTROL_COMBUSTIBLE,FECHA,CANTIDAD_LITROS,COSTO,ODOMETRO,ID_MAQUINARIA,ID_PROYECTO) values ('CC24',to_date('05/04/26','DD/MM/RR'),'180','171000','31900','MQ24','P24');
Insert into PROYECTO.CONTROL_COMBUSTIBLE (ID_CONTROL_COMBUSTIBLE,FECHA,CANTIDAD_LITROS,COSTO,ODOMETRO,ID_MAQUINARIA,ID_PROYECTO) values ('CC25',to_date('08/04/26','DD/MM/RR'),'200','190000','33200','MQ25','P25');
Insert into PROYECTO.CONTROL_COMBUSTIBLE (ID_CONTROL_COMBUSTIBLE,FECHA,CANTIDAD_LITROS,COSTO,ODOMETRO,ID_MAQUINARIA,ID_PROYECTO) values ('CC26',to_date('12/04/26','DD/MM/RR'),'175','166250','34500','MQ26','P26');
Insert into PROYECTO.CONTROL_COMBUSTIBLE (ID_CONTROL_COMBUSTIBLE,FECHA,CANTIDAD_LITROS,COSTO,ODOMETRO,ID_MAQUINARIA,ID_PROYECTO) values ('CC27',to_date('15/04/26','DD/MM/RR'),'230','218500','35800','MQ27','P27');
Insert into PROYECTO.CONTROL_COMBUSTIBLE (ID_CONTROL_COMBUSTIBLE,FECHA,CANTIDAD_LITROS,COSTO,ODOMETRO,ID_MAQUINARIA,ID_PROYECTO) values ('CC28',to_date('18/04/26','DD/MM/RR'),'260','247000','36600','MQ28','P28');
Insert into PROYECTO.CONTROL_COMBUSTIBLE (ID_CONTROL_COMBUSTIBLE,FECHA,CANTIDAD_LITROS,COSTO,ODOMETRO,ID_MAQUINARIA,ID_PROYECTO) values ('CC29',to_date('22/04/26','DD/MM/RR'),'150','142500','37900','MQ29','P29');
Insert into PROYECTO.CONTROL_COMBUSTIBLE (ID_CONTROL_COMBUSTIBLE,FECHA,CANTIDAD_LITROS,COSTO,ODOMETRO,ID_MAQUINARIA,ID_PROYECTO) values ('CC30',to_date('25/04/26','DD/MM/RR'),'300','285000','39200','MQ30','P30');
Insert into PROYECTO.CONTROL_COMBUSTIBLE (ID_CONTROL_COMBUSTIBLE,FECHA,CANTIDAD_LITROS,COSTO,ODOMETRO,ID_MAQUINARIA,ID_PROYECTO) values ('CC31',to_date('29/04/26','DD/MM/RR'),'220','209000','40500','MQ31','P31');
Insert into PROYECTO.CONTROL_COMBUSTIBLE (ID_CONTROL_COMBUSTIBLE,FECHA,CANTIDAD_LITROS,COSTO,ODOMETRO,ID_MAQUINARIA,ID_PROYECTO) values ('CC32',to_date('03/05/26','DD/MM/RR'),'180','171000','41800','MQ32','P32');
Insert into PROYECTO.CONTROL_COMBUSTIBLE (ID_CONTROL_COMBUSTIBLE,FECHA,CANTIDAD_LITROS,COSTO,ODOMETRO,ID_MAQUINARIA,ID_PROYECTO) values ('CC33',to_date('06/05/26','DD/MM/RR'),'240','228000','42600','MQ33','P33');
Insert into PROYECTO.CONTROL_COMBUSTIBLE (ID_CONTROL_COMBUSTIBLE,FECHA,CANTIDAD_LITROS,COSTO,ODOMETRO,ID_MAQUINARIA,ID_PROYECTO) values ('CC34',to_date('09/05/26','DD/MM/RR'),'275','261250','43900','MQ34','P34');
Insert into PROYECTO.CONTROL_COMBUSTIBLE (ID_CONTROL_COMBUSTIBLE,FECHA,CANTIDAD_LITROS,COSTO,ODOMETRO,ID_MAQUINARIA,ID_PROYECTO) values ('CC35',to_date('12/05/26','DD/MM/RR'),'190','180500','45200','MQ35','P35');
Insert into PROYECTO.CONTROL_COMBUSTIBLE (ID_CONTROL_COMBUSTIBLE,FECHA,CANTIDAD_LITROS,COSTO,ODOMETRO,ID_MAQUINARIA,ID_PROYECTO) values ('CC36',to_date('15/05/26','DD/MM/RR'),'210','199500','46500','MQ36','P36');
Insert into PROYECTO.CONTROL_COMBUSTIBLE (ID_CONTROL_COMBUSTIBLE,FECHA,CANTIDAD_LITROS,COSTO,ODOMETRO,ID_MAQUINARIA,ID_PROYECTO) values ('CC37',to_date('18/05/26','DD/MM/RR'),'165','156750','47800','MQ37','P37');
Insert into PROYECTO.CONTROL_COMBUSTIBLE (ID_CONTROL_COMBUSTIBLE,FECHA,CANTIDAD_LITROS,COSTO,ODOMETRO,ID_MAQUINARIA,ID_PROYECTO) values ('CC38',to_date('22/05/26','DD/MM/RR'),'250','237500','48600','MQ38','P38');
Insert into PROYECTO.CONTROL_COMBUSTIBLE (ID_CONTROL_COMBUSTIBLE,FECHA,CANTIDAD_LITROS,COSTO,ODOMETRO,ID_MAQUINARIA,ID_PROYECTO) values ('CC39',to_date('25/05/26','DD/MM/RR'),'180','171000','49900','MQ39','P39');
Insert into PROYECTO.CONTROL_COMBUSTIBLE (ID_CONTROL_COMBUSTIBLE,FECHA,CANTIDAD_LITROS,COSTO,ODOMETRO,ID_MAQUINARIA,ID_PROYECTO) values ('CC40',to_date('28/05/26','DD/MM/RR'),'320','304000','51200','MQ40','P40');
Insert into PROYECTO.CONTROL_COMBUSTIBLE (ID_CONTROL_COMBUSTIBLE,FECHA,CANTIDAD_LITROS,COSTO,ODOMETRO,ID_MAQUINARIA,ID_PROYECTO) values ('CC41',to_date('01/06/26','DD/MM/RR'),'220','209000','52500','MQ41','P41');
Insert into PROYECTO.CONTROL_COMBUSTIBLE (ID_CONTROL_COMBUSTIBLE,FECHA,CANTIDAD_LITROS,COSTO,ODOMETRO,ID_MAQUINARIA,ID_PROYECTO) values ('CC42',to_date('04/06/26','DD/MM/RR'),'170','161500','53800','MQ42','P42');
Insert into PROYECTO.CONTROL_COMBUSTIBLE (ID_CONTROL_COMBUSTIBLE,FECHA,CANTIDAD_LITROS,COSTO,ODOMETRO,ID_MAQUINARIA,ID_PROYECTO) values ('CC43',to_date('08/06/26','DD/MM/RR'),'260','247000','54600','MQ43','P43');
Insert into PROYECTO.CONTROL_COMBUSTIBLE (ID_CONTROL_COMBUSTIBLE,FECHA,CANTIDAD_LITROS,COSTO,ODOMETRO,ID_MAQUINARIA,ID_PROYECTO) values ('CC44',to_date('12/06/26','DD/MM/RR'),'210','199500','55900','MQ44','P44');
Insert into PROYECTO.CONTROL_COMBUSTIBLE (ID_CONTROL_COMBUSTIBLE,FECHA,CANTIDAD_LITROS,COSTO,ODOMETRO,ID_MAQUINARIA,ID_PROYECTO) values ('CC45',to_date('15/06/26','DD/MM/RR'),'280','266000','57200','MQ45','P45');
Insert into PROYECTO.CONTROL_COMBUSTIBLE (ID_CONTROL_COMBUSTIBLE,FECHA,CANTIDAD_LITROS,COSTO,ODOMETRO,ID_MAQUINARIA,ID_PROYECTO) values ('CC46',to_date('18/06/26','DD/MM/RR'),'190','180500','58500','MQ46','P46');
Insert into PROYECTO.CONTROL_COMBUSTIBLE (ID_CONTROL_COMBUSTIBLE,FECHA,CANTIDAD_LITROS,COSTO,ODOMETRO,ID_MAQUINARIA,ID_PROYECTO) values ('CC47',to_date('22/06/26','DD/MM/RR'),'240','228000','59800','MQ47','P47');
Insert into PROYECTO.CONTROL_COMBUSTIBLE (ID_CONTROL_COMBUSTIBLE,FECHA,CANTIDAD_LITROS,COSTO,ODOMETRO,ID_MAQUINARIA,ID_PROYECTO) values ('CC48',to_date('25/06/26','DD/MM/RR'),'310','294500','60600','MQ48','P48');
Insert into PROYECTO.CONTROL_COMBUSTIBLE (ID_CONTROL_COMBUSTIBLE,FECHA,CANTIDAD_LITROS,COSTO,ODOMETRO,ID_MAQUINARIA,ID_PROYECTO) values ('CC49',to_date('28/06/26','DD/MM/RR'),'180','171000','61900','MQ49','P49');
Insert into PROYECTO.CONTROL_COMBUSTIBLE (ID_CONTROL_COMBUSTIBLE,FECHA,CANTIDAD_LITROS,COSTO,ODOMETRO,ID_MAQUINARIA,ID_PROYECTO) values ('CC50',to_date('30/06/26','DD/MM/RR'),'350','332500','63200','MQ50','P50');
REM INSERTING into PROYECTO.DETALLE_ORDEN_COMPRA
SET DEFINE OFF;
Insert into PROYECTO.DETALLE_ORDEN_COMPRA (ID_DETALLE_ORDEN_COMPRA,CANTIDAD,PRECIO_UNITARIO,SUBTOTAL,ID_ORDEN_COMPRA,ID_MATERIAL) values ('D02','30','12000','360000','OC02','MT02');
Insert into PROYECTO.DETALLE_ORDEN_COMPRA (ID_DETALLE_ORDEN_COMPRA,CANTIDAD,PRECIO_UNITARIO,SUBTOTAL,ID_ORDEN_COMPRA,ID_MATERIAL) values ('D03','20','18000','360000','OC03','MT03');
Insert into PROYECTO.DETALLE_ORDEN_COMPRA (ID_DETALLE_ORDEN_COMPRA,CANTIDAD,PRECIO_UNITARIO,SUBTOTAL,ID_ORDEN_COMPRA,ID_MATERIAL) values ('D04','15','25000','375000','OC04','MT04');
Insert into PROYECTO.DETALLE_ORDEN_COMPRA (ID_DETALLE_ORDEN_COMPRA,CANTIDAD,PRECIO_UNITARIO,SUBTOTAL,ID_ORDEN_COMPRA,ID_MATERIAL) values ('D05','40','8500','340000','OC05','MT05');
Insert into PROYECTO.DETALLE_ORDEN_COMPRA (ID_DETALLE_ORDEN_COMPRA,CANTIDAD,PRECIO_UNITARIO,SUBTOTAL,ID_ORDEN_COMPRA,ID_MATERIAL) values ('D06','25','14000','350000','OC06','MT06');
Insert into PROYECTO.DETALLE_ORDEN_COMPRA (ID_DETALLE_ORDEN_COMPRA,CANTIDAD,PRECIO_UNITARIO,SUBTOTAL,ID_ORDEN_COMPRA,ID_MATERIAL) values ('D07','10','35000','350000','OC07','MT07');
Insert into PROYECTO.DETALLE_ORDEN_COMPRA (ID_DETALLE_ORDEN_COMPRA,CANTIDAD,PRECIO_UNITARIO,SUBTOTAL,ID_ORDEN_COMPRA,ID_MATERIAL) values ('D08','18','20000','360000','OC08','MT08');
Insert into PROYECTO.DETALLE_ORDEN_COMPRA (ID_DETALLE_ORDEN_COMPRA,CANTIDAD,PRECIO_UNITARIO,SUBTOTAL,ID_ORDEN_COMPRA,ID_MATERIAL) values ('D09','45','8000','360000','OC09','MT09');
Insert into PROYECTO.DETALLE_ORDEN_COMPRA (ID_DETALLE_ORDEN_COMPRA,CANTIDAD,PRECIO_UNITARIO,SUBTOTAL,ID_ORDEN_COMPRA,ID_MATERIAL) values ('D10','28','12500','350000','OC10','MT10');
Insert into PROYECTO.DETALLE_ORDEN_COMPRA (ID_DETALLE_ORDEN_COMPRA,CANTIDAD,PRECIO_UNITARIO,SUBTOTAL,ID_ORDEN_COMPRA,ID_MATERIAL) values ('D11','22','16000','352000','OC11','MT11');
Insert into PROYECTO.DETALLE_ORDEN_COMPRA (ID_DETALLE_ORDEN_COMPRA,CANTIDAD,PRECIO_UNITARIO,SUBTOTAL,ID_ORDEN_COMPRA,ID_MATERIAL) values ('D12','35','10000','350000','OC12','MT12');
Insert into PROYECTO.DETALLE_ORDEN_COMPRA (ID_DETALLE_ORDEN_COMPRA,CANTIDAD,PRECIO_UNITARIO,SUBTOTAL,ID_ORDEN_COMPRA,ID_MATERIAL) values ('D13','12','30000','360000','OC13','MT13');
Insert into PROYECTO.DETALLE_ORDEN_COMPRA (ID_DETALLE_ORDEN_COMPRA,CANTIDAD,PRECIO_UNITARIO,SUBTOTAL,ID_ORDEN_COMPRA,ID_MATERIAL) values ('D14','16','22000','352000','OC14','MT14');
Insert into PROYECTO.DETALLE_ORDEN_COMPRA (ID_DETALLE_ORDEN_COMPRA,CANTIDAD,PRECIO_UNITARIO,SUBTOTAL,ID_ORDEN_COMPRA,ID_MATERIAL) values ('D15','55','6500','357500','OC15','MT15');
Insert into PROYECTO.DETALLE_ORDEN_COMPRA (ID_DETALLE_ORDEN_COMPRA,CANTIDAD,PRECIO_UNITARIO,SUBTOTAL,ID_ORDEN_COMPRA,ID_MATERIAL) values ('D16','24','15000','360000','OC16','MT16');
Insert into PROYECTO.DETALLE_ORDEN_COMPRA (ID_DETALLE_ORDEN_COMPRA,CANTIDAD,PRECIO_UNITARIO,SUBTOTAL,ID_ORDEN_COMPRA,ID_MATERIAL) values ('D17','20','17500','350000','OC17','MT17');
Insert into PROYECTO.DETALLE_ORDEN_COMPRA (ID_DETALLE_ORDEN_COMPRA,CANTIDAD,PRECIO_UNITARIO,SUBTOTAL,ID_ORDEN_COMPRA,ID_MATERIAL) values ('D18','14','25000','350000','OC18','MT18');
Insert into PROYECTO.DETALLE_ORDEN_COMPRA (ID_DETALLE_ORDEN_COMPRA,CANTIDAD,PRECIO_UNITARIO,SUBTOTAL,ID_ORDEN_COMPRA,ID_MATERIAL) values ('D19','32','11000','352000','OC19','MT19');
Insert into PROYECTO.DETALLE_ORDEN_COMPRA (ID_DETALLE_ORDEN_COMPRA,CANTIDAD,PRECIO_UNITARIO,SUBTOTAL,ID_ORDEN_COMPRA,ID_MATERIAL) values ('D20','40','9000','360000','OC20','MT20');
Insert into PROYECTO.DETALLE_ORDEN_COMPRA (ID_DETALLE_ORDEN_COMPRA,CANTIDAD,PRECIO_UNITARIO,SUBTOTAL,ID_ORDEN_COMPRA,ID_MATERIAL) values ('D21','18','20000','360000','OC21','MT21');
Insert into PROYECTO.DETALLE_ORDEN_COMPRA (ID_DETALLE_ORDEN_COMPRA,CANTIDAD,PRECIO_UNITARIO,SUBTOTAL,ID_ORDEN_COMPRA,ID_MATERIAL) values ('D22','15','24000','360000','OC22','MT22');
Insert into PROYECTO.DETALLE_ORDEN_COMPRA (ID_DETALLE_ORDEN_COMPRA,CANTIDAD,PRECIO_UNITARIO,SUBTOTAL,ID_ORDEN_COMPRA,ID_MATERIAL) values ('D23','30','12000','360000','OC23','MT23');
Insert into PROYECTO.DETALLE_ORDEN_COMPRA (ID_DETALLE_ORDEN_COMPRA,CANTIDAD,PRECIO_UNITARIO,SUBTOTAL,ID_ORDEN_COMPRA,ID_MATERIAL) values ('D24','25','14000','350000','OC24','MT24');
Insert into PROYECTO.DETALLE_ORDEN_COMPRA (ID_DETALLE_ORDEN_COMPRA,CANTIDAD,PRECIO_UNITARIO,SUBTOTAL,ID_ORDEN_COMPRA,ID_MATERIAL) values ('D25','20','18000','360000','OC25','MT25');
Insert into PROYECTO.DETALLE_ORDEN_COMPRA (ID_DETALLE_ORDEN_COMPRA,CANTIDAD,PRECIO_UNITARIO,SUBTOTAL,ID_ORDEN_COMPRA,ID_MATERIAL) values ('D26','35','10000','350000','OC26','MT26');
Insert into PROYECTO.DETALLE_ORDEN_COMPRA (ID_DETALLE_ORDEN_COMPRA,CANTIDAD,PRECIO_UNITARIO,SUBTOTAL,ID_ORDEN_COMPRA,ID_MATERIAL) values ('D27','12','30000','360000','OC27','MT27');
Insert into PROYECTO.DETALLE_ORDEN_COMPRA (ID_DETALLE_ORDEN_COMPRA,CANTIDAD,PRECIO_UNITARIO,SUBTOTAL,ID_ORDEN_COMPRA,ID_MATERIAL) values ('D28','16','22000','352000','OC28','MT28');
Insert into PROYECTO.DETALLE_ORDEN_COMPRA (ID_DETALLE_ORDEN_COMPRA,CANTIDAD,PRECIO_UNITARIO,SUBTOTAL,ID_ORDEN_COMPRA,ID_MATERIAL) values ('D29','50','7000','350000','OC29','MT29');
Insert into PROYECTO.DETALLE_ORDEN_COMPRA (ID_DETALLE_ORDEN_COMPRA,CANTIDAD,PRECIO_UNITARIO,SUBTOTAL,ID_ORDEN_COMPRA,ID_MATERIAL) values ('D30','28','12500','350000','OC30','MT30');
Insert into PROYECTO.DETALLE_ORDEN_COMPRA (ID_DETALLE_ORDEN_COMPRA,CANTIDAD,PRECIO_UNITARIO,SUBTOTAL,ID_ORDEN_COMPRA,ID_MATERIAL) values ('D31','22','16000','352000','OC31','MT31');
Insert into PROYECTO.DETALLE_ORDEN_COMPRA (ID_DETALLE_ORDEN_COMPRA,CANTIDAD,PRECIO_UNITARIO,SUBTOTAL,ID_ORDEN_COMPRA,ID_MATERIAL) values ('D32','40','9000','360000','OC32','MT32');
Insert into PROYECTO.DETALLE_ORDEN_COMPRA (ID_DETALLE_ORDEN_COMPRA,CANTIDAD,PRECIO_UNITARIO,SUBTOTAL,ID_ORDEN_COMPRA,ID_MATERIAL) values ('D33','18','20000','360000','OC33','MT33');
Insert into PROYECTO.DETALLE_ORDEN_COMPRA (ID_DETALLE_ORDEN_COMPRA,CANTIDAD,PRECIO_UNITARIO,SUBTOTAL,ID_ORDEN_COMPRA,ID_MATERIAL) values ('D34','15','24000','360000','OC34','MT34');
Insert into PROYECTO.DETALLE_ORDEN_COMPRA (ID_DETALLE_ORDEN_COMPRA,CANTIDAD,PRECIO_UNITARIO,SUBTOTAL,ID_ORDEN_COMPRA,ID_MATERIAL) values ('D35','25','14000','350000','OC35','MT35');
Insert into PROYECTO.DETALLE_ORDEN_COMPRA (ID_DETALLE_ORDEN_COMPRA,CANTIDAD,PRECIO_UNITARIO,SUBTOTAL,ID_ORDEN_COMPRA,ID_MATERIAL) values ('D36','20','18000','360000','OC36','MT36');
Insert into PROYECTO.DETALLE_ORDEN_COMPRA (ID_DETALLE_ORDEN_COMPRA,CANTIDAD,PRECIO_UNITARIO,SUBTOTAL,ID_ORDEN_COMPRA,ID_MATERIAL) values ('D37','35','10000','350000','OC37','MT37');
Insert into PROYECTO.DETALLE_ORDEN_COMPRA (ID_DETALLE_ORDEN_COMPRA,CANTIDAD,PRECIO_UNITARIO,SUBTOTAL,ID_ORDEN_COMPRA,ID_MATERIAL) values ('D38','12','30000','360000','OC38','MT38');
Insert into PROYECTO.DETALLE_ORDEN_COMPRA (ID_DETALLE_ORDEN_COMPRA,CANTIDAD,PRECIO_UNITARIO,SUBTOTAL,ID_ORDEN_COMPRA,ID_MATERIAL) values ('D39','16','22000','352000','OC39','MT39');
Insert into PROYECTO.DETALLE_ORDEN_COMPRA (ID_DETALLE_ORDEN_COMPRA,CANTIDAD,PRECIO_UNITARIO,SUBTOTAL,ID_ORDEN_COMPRA,ID_MATERIAL) values ('D40','50','7000','350000','OC40','MT40');
Insert into PROYECTO.DETALLE_ORDEN_COMPRA (ID_DETALLE_ORDEN_COMPRA,CANTIDAD,PRECIO_UNITARIO,SUBTOTAL,ID_ORDEN_COMPRA,ID_MATERIAL) values ('D41','28','12500','350000','OC41','MT41');
Insert into PROYECTO.DETALLE_ORDEN_COMPRA (ID_DETALLE_ORDEN_COMPRA,CANTIDAD,PRECIO_UNITARIO,SUBTOTAL,ID_ORDEN_COMPRA,ID_MATERIAL) values ('D42','22','16000','352000','OC42','MT42');
Insert into PROYECTO.DETALLE_ORDEN_COMPRA (ID_DETALLE_ORDEN_COMPRA,CANTIDAD,PRECIO_UNITARIO,SUBTOTAL,ID_ORDEN_COMPRA,ID_MATERIAL) values ('D43','40','9000','360000','OC43','MT43');
Insert into PROYECTO.DETALLE_ORDEN_COMPRA (ID_DETALLE_ORDEN_COMPRA,CANTIDAD,PRECIO_UNITARIO,SUBTOTAL,ID_ORDEN_COMPRA,ID_MATERIAL) values ('D44','18','20000','360000','OC44','MT44');
Insert into PROYECTO.DETALLE_ORDEN_COMPRA (ID_DETALLE_ORDEN_COMPRA,CANTIDAD,PRECIO_UNITARIO,SUBTOTAL,ID_ORDEN_COMPRA,ID_MATERIAL) values ('D45','15','24000','360000','OC45','MT45');
Insert into PROYECTO.DETALLE_ORDEN_COMPRA (ID_DETALLE_ORDEN_COMPRA,CANTIDAD,PRECIO_UNITARIO,SUBTOTAL,ID_ORDEN_COMPRA,ID_MATERIAL) values ('D46','25','14000','350000','OC46','MT46');
Insert into PROYECTO.DETALLE_ORDEN_COMPRA (ID_DETALLE_ORDEN_COMPRA,CANTIDAD,PRECIO_UNITARIO,SUBTOTAL,ID_ORDEN_COMPRA,ID_MATERIAL) values ('D47','20','18000','360000','OC47','MT47');
Insert into PROYECTO.DETALLE_ORDEN_COMPRA (ID_DETALLE_ORDEN_COMPRA,CANTIDAD,PRECIO_UNITARIO,SUBTOTAL,ID_ORDEN_COMPRA,ID_MATERIAL) values ('D48','35','10000','350000','OC48','MT48');
Insert into PROYECTO.DETALLE_ORDEN_COMPRA (ID_DETALLE_ORDEN_COMPRA,CANTIDAD,PRECIO_UNITARIO,SUBTOTAL,ID_ORDEN_COMPRA,ID_MATERIAL) values ('D49','12','30000','360000','OC49','MT49');
Insert into PROYECTO.DETALLE_ORDEN_COMPRA (ID_DETALLE_ORDEN_COMPRA,CANTIDAD,PRECIO_UNITARIO,SUBTOTAL,ID_ORDEN_COMPRA,ID_MATERIAL) values ('D50','16','22000','352000','OC50','MT50');
REM INSERTING into PROYECTO.EMPLEADOS
SET DEFINE OFF;
Insert into PROYECTO.EMPLEADOS (ID_EMPLEADO,NOMBRE,APELLIDO,CEDULA,TELEFONO,CARGO,FECHA_INGRESO) values ('E01','Juan ','Pérez','1-1111-0001','7001-0001','Operario',to_date('25/04/20','DD/MM/RR'));
Insert into PROYECTO.EMPLEADOS (ID_EMPLEADO,NOMBRE,APELLIDO,CEDULA,TELEFONO,CARGO,FECHA_INGRESO) values ('E02','María','Rodríguez','1-1111-0002','7001-0002','Oficinista',to_date('10/05/20','DD/MM/RR'));
Insert into PROYECTO.EMPLEADOS (ID_EMPLEADO,NOMBRE,APELLIDO,CEDULA,TELEFONO,CARGO,FECHA_INGRESO) values ('E03','Carlos','Mora','1-1111-0003','7001-0003','Gerente',to_date('15/06/19','DD/MM/RR'));
Insert into PROYECTO.EMPLEADOS (ID_EMPLEADO,NOMBRE,APELLIDO,CEDULA,TELEFONO,CARGO,FECHA_INGRESO) values ('E04','Ana','Jiménez','1-1111-0004','7001-0004','Administrador',to_date('20/07/20','DD/MM/RR'));
Insert into PROYECTO.EMPLEADOS (ID_EMPLEADO,NOMBRE,APELLIDO,CEDULA,TELEFONO,CARGO,FECHA_INGRESO) values ('E05','José','Vargas','1-1111-0005','7001-0005','Tecnico Reparador',to_date('05/08/21','DD/MM/RR'));
Insert into PROYECTO.EMPLEADOS (ID_EMPLEADO,NOMBRE,APELLIDO,CEDULA,TELEFONO,CARGO,FECHA_INGRESO) values ('E06','Laura','Soto','1-1111-0006','7001-0006','Contador',to_date('12/09/19','DD/MM/RR'));
Insert into PROYECTO.EMPLEADOS (ID_EMPLEADO,NOMBRE,APELLIDO,CEDULA,TELEFONO,CARGO,FECHA_INGRESO) values ('E07','Andrés','Castro','1-1111-0007','7001-0007','Recursos Humanos',to_date('18/10/20','DD/MM/RR'));
Insert into PROYECTO.EMPLEADOS (ID_EMPLEADO,NOMBRE,APELLIDO,CEDULA,TELEFONO,CARGO,FECHA_INGRESO) values ('E08','Daniela','Rojas','1-1111-0008','7001-0008','Vendedor',to_date('25/11/21','DD/MM/RR'));
Insert into PROYECTO.EMPLEADOS (ID_EMPLEADO,NOMBRE,APELLIDO,CEDULA,TELEFONO,CARGO,FECHA_INGRESO) values ('E09','Miguel','Araya','1-1111-0009','7001-0009','Cajero',to_date('03/01/22','DD/MM/RR'));
Insert into PROYECTO.EMPLEADOS (ID_EMPLEADO,NOMBRE,APELLIDO,CEDULA,TELEFONO,CARGO,FECHA_INGRESO) values ('E10','Paula','Ramírez','1-1111-0010','7001-0010','Recepcionista',to_date('14/02/22','DD/MM/RR'));
Insert into PROYECTO.EMPLEADOS (ID_EMPLEADO,NOMBRE,APELLIDO,CEDULA,TELEFONO,CARGO,FECHA_INGRESO) values ('E11','Ricardo','León','1-1111-0011','7001-0011','Operario Maquinaria',to_date('21/03/21','DD/MM/RR'));
Insert into PROYECTO.EMPLEADOS (ID_EMPLEADO,NOMBRE,APELLIDO,CEDULA,TELEFONO,CARGO,FECHA_INGRESO) values ('E12','Gabriela','Navarro','1-1111-0012','7001-0012','Oficinista',to_date('09/04/20','DD/MM/RR'));
Insert into PROYECTO.EMPLEADOS (ID_EMPLEADO,NOMBRE,APELLIDO,CEDULA,TELEFONO,CARGO,FECHA_INGRESO) values ('E13','Fernando','Salas','1-1111-0013','7001-0013','Gerente',to_date('30/05/18','DD/MM/RR'));
Insert into PROYECTO.EMPLEADOS (ID_EMPLEADO,NOMBRE,APELLIDO,CEDULA,TELEFONO,CARGO,FECHA_INGRESO) values ('E14','Valeria','Herrera','1-1111-0014','7001-0014','Administrador',to_date('11/06/20','DD/MM/RR'));
Insert into PROYECTO.EMPLEADOS (ID_EMPLEADO,NOMBRE,APELLIDO,CEDULA,TELEFONO,CARGO,FECHA_INGRESO) values ('E15','Javier','Campos','1-1111-0015','7001-0015','Tecnico Reparador',to_date('22/07/21','DD/MM/RR'));
Insert into PROYECTO.EMPLEADOS (ID_EMPLEADO,NOMBRE,APELLIDO,CEDULA,TELEFONO,CARGO,FECHA_INGRESO) values ('E16','Sofía','Montero','1-1111-0016','7001-0016','Contador',to_date('16/08/19','DD/MM/RR'));
Insert into PROYECTO.EMPLEADOS (ID_EMPLEADO,NOMBRE,APELLIDO,CEDULA,TELEFONO,CARGO,FECHA_INGRESO) values ('E17','Kevin','Pérez','1-1111-0017','7001-0017','Recursos Humanos',to_date('05/09/20','DD/MM/RR'));
Insert into PROYECTO.EMPLEADOS (ID_EMPLEADO,NOMBRE,APELLIDO,CEDULA,TELEFONO,CARGO,FECHA_INGRESO) values ('E18','Natalia','Chaves','1-1111-0018','7001-0018','Vendedor',to_date('17/10/21','DD/MM/RR'));
Insert into PROYECTO.EMPLEADOS (ID_EMPLEADO,NOMBRE,APELLIDO,CEDULA,TELEFONO,CARGO,FECHA_INGRESO) values ('E19','Esteban','Aguilar','1-1111-0019','7001-0019','Cajero',to_date('26/11/21','DD/MM/RR'));
Insert into PROYECTO.EMPLEADOS (ID_EMPLEADO,NOMBRE,APELLIDO,CEDULA,TELEFONO,CARGO,FECHA_INGRESO) values ('E20','Andrea','Méndez','1-1111-0020','7001-0020','Recepcionista',to_date('08/12/22','DD/MM/RR'));
Insert into PROYECTO.EMPLEADOS (ID_EMPLEADO,NOMBRE,APELLIDO,CEDULA,TELEFONO,CARGO,FECHA_INGRESO) values ('E21','Marco','Solano','1-1111-0021','7001-0021','Operario Maquinaria',to_date('15/01/20','DD/MM/RR'));
Insert into PROYECTO.EMPLEADOS (ID_EMPLEADO,NOMBRE,APELLIDO,CEDULA,TELEFONO,CARGO,FECHA_INGRESO) values ('E22','Camila','Valverde','1-1111-0022','7001-0022','Oficinista',to_date('18/02/21','DD/MM/RR'));
Insert into PROYECTO.EMPLEADOS (ID_EMPLEADO,NOMBRE,APELLIDO,CEDULA,TELEFONO,CARGO,FECHA_INGRESO) values ('E23','Diego','Alfaro','1-1111-0023','7001-0023','Gerente',to_date('25/03/19','DD/MM/RR'));
Insert into PROYECTO.EMPLEADOS (ID_EMPLEADO,NOMBRE,APELLIDO,CEDULA,TELEFONO,CARGO,FECHA_INGRESO) values ('E24','Karen','Fuentes','1-1111-0024','7001-0024','Administrador',to_date('06/04/20','DD/MM/RR'));
Insert into PROYECTO.EMPLEADOS (ID_EMPLEADO,NOMBRE,APELLIDO,CEDULA,TELEFONO,CARGO,FECHA_INGRESO) values ('E25','Alejandro','Mora','1-1111-0025','7001-0025','Tecnico Reparador',to_date('19/05/21','DD/MM/RR'));
Insert into PROYECTO.EMPLEADOS (ID_EMPLEADO,NOMBRE,APELLIDO,CEDULA,TELEFONO,CARGO,FECHA_INGRESO) values ('E26','Melissa','Quesada','1-1111-0026','7001-0026','Contador',to_date('28/06/19','DD/MM/RR'));
Insert into PROYECTO.EMPLEADOS (ID_EMPLEADO,NOMBRE,APELLIDO,CEDULA,TELEFONO,CARGO,FECHA_INGRESO) values ('E27','Bryan','Cordero','1-1111-0027','7001-0027','Recursos Humanos',to_date('13/07/20','DD/MM/RR'));
Insert into PROYECTO.EMPLEADOS (ID_EMPLEADO,NOMBRE,APELLIDO,CEDULA,TELEFONO,CARGO,FECHA_INGRESO) values ('E28','Carolina','Vega','1-1111-0028','7001-0028','Vendedor',to_date('24/08/21','DD/MM/RR'));
Insert into PROYECTO.EMPLEADOS (ID_EMPLEADO,NOMBRE,APELLIDO,CEDULA,TELEFONO,CARGO,FECHA_INGRESO) values ('E29','Mauricio','Rojas','1-1111-0029','7001-0029','Cajero',to_date('02/09/22','DD/MM/RR'));
Insert into PROYECTO.EMPLEADOS (ID_EMPLEADO,NOMBRE,APELLIDO,CEDULA,TELEFONO,CARGO,FECHA_INGRESO) values ('E30','Tatiana','Mora','1-1111-0030','7001-0030','Recepcionista',to_date('14/10/20','DD/MM/RR'));
Insert into PROYECTO.EMPLEADOS (ID_EMPLEADO,NOMBRE,APELLIDO,CEDULA,TELEFONO,CARGO,FECHA_INGRESO) values ('E31','Roberto','Arce','1-1111-0031','7001-0031','Operario Maquinaria',to_date('20/11/21','DD/MM/RR'));
Insert into PROYECTO.EMPLEADOS (ID_EMPLEADO,NOMBRE,APELLIDO,CEDULA,TELEFONO,CARGO,FECHA_INGRESO) values ('E32','Diana','Campos','1-1111-0032','7001-0032','Oficinista',to_date('09/12/20','DD/MM/RR'));
Insert into PROYECTO.EMPLEADOS (ID_EMPLEADO,NOMBRE,APELLIDO,CEDULA,TELEFONO,CARGO,FECHA_INGRESO) values ('E33','Cristian','Brenes','1-1111-0033','7001-0033','Gerente',to_date('15/01/18','DD/MM/RR'));
Insert into PROYECTO.EMPLEADOS (ID_EMPLEADO,NOMBRE,APELLIDO,CEDULA,TELEFONO,CARGO,FECHA_INGRESO) values ('E34','Viviana','Gómez','1-1111-0034','7001-0034','Administrador',to_date('22/02/21','DD/MM/RR'));
Insert into PROYECTO.EMPLEADOS (ID_EMPLEADO,NOMBRE,APELLIDO,CEDULA,TELEFONO,CARGO,FECHA_INGRESO) values ('E35','Oscar','Murillo','1-1111-0035','7001-0035','Tecnico Reparador',to_date('10/03/22','DD/MM/RR'));
Insert into PROYECTO.EMPLEADOS (ID_EMPLEADO,NOMBRE,APELLIDO,CEDULA,TELEFONO,CARGO,FECHA_INGRESO) values ('E36','Patricia','Cruz','1-1111-0036','7001-0036','Contador',to_date('17/04/19','DD/MM/RR'));
Insert into PROYECTO.EMPLEADOS (ID_EMPLEADO,NOMBRE,APELLIDO,CEDULA,TELEFONO,CARGO,FECHA_INGRESO) values ('E37','Alberto','Villalobos','1-1111-0037','7001-0037','Recursos Humanos',to_date('29/05/20','DD/MM/RR'));
Insert into PROYECTO.EMPLEADOS (ID_EMPLEADO,NOMBRE,APELLIDO,CEDULA,TELEFONO,CARGO,FECHA_INGRESO) values ('E38','Mónica','Segura','1-1111-0038','7001-0038','Vendedor',to_date('08/06/21','DD/MM/RR'));
Insert into PROYECTO.EMPLEADOS (ID_EMPLEADO,NOMBRE,APELLIDO,CEDULA,TELEFONO,CARGO,FECHA_INGRESO) values ('E39','Julio','García','1-1111-0039','7001-0039','Cajero',to_date('11/07/22','DD/MM/RR'));
Insert into PROYECTO.EMPLEADOS (ID_EMPLEADO,NOMBRE,APELLIDO,CEDULA,TELEFONO,CARGO,FECHA_INGRESO) values ('E40','Yessenia','Ruiz','1-1111-0040','7001-0040','Recepcionista',to_date('25/08/20','DD/MM/RR'));
Insert into PROYECTO.EMPLEADOS (ID_EMPLEADO,NOMBRE,APELLIDO,CEDULA,TELEFONO,CARGO,FECHA_INGRESO) values ('E41','Francisco','Sánchez','1-1111-0041','7001-0041','Operario Maquinaria',to_date('05/09/21','DD/MM/RR'));
Insert into PROYECTO.EMPLEADOS (ID_EMPLEADO,NOMBRE,APELLIDO,CEDULA,TELEFONO,CARGO,FECHA_INGRESO) values ('E42','Paola','Arias','1-1111-0042','7001-0042','Oficinista',to_date('18/10/20','DD/MM/RR'));
Insert into PROYECTO.EMPLEADOS (ID_EMPLEADO,NOMBRE,APELLIDO,CEDULA,TELEFONO,CARGO,FECHA_INGRESO) values ('E43','Gilberto','Mena','1-1111-0043','7001-0043','Gerente',to_date('27/11/19','DD/MM/RR'));
Insert into PROYECTO.EMPLEADOS (ID_EMPLEADO,NOMBRE,APELLIDO,CEDULA,TELEFONO,CARGO,FECHA_INGRESO) values ('E44','Rebeca','Porras','1-1111-0044','7001-0044','Administrador',to_date('07/12/21','DD/MM/RR'));
Insert into PROYECTO.EMPLEADOS (ID_EMPLEADO,NOMBRE,APELLIDO,CEDULA,TELEFONO,CARGO,FECHA_INGRESO) values ('E45','Gerardo','Valverde','1-1111-0045','7001-0045','Tecnico Reparador',to_date('14/01/22','DD/MM/RR'));
Insert into PROYECTO.EMPLEADOS (ID_EMPLEADO,NOMBRE,APELLIDO,CEDULA,TELEFONO,CARGO,FECHA_INGRESO) values ('E46','Lorena','Vargas','1-1111-0046','7001-0046','Contador',to_date('26/02/19','DD/MM/RR'));
Insert into PROYECTO.EMPLEADOS (ID_EMPLEADO,NOMBRE,APELLIDO,CEDULA,TELEFONO,CARGO,FECHA_INGRESO) values ('E47','Mauricio','Jiménez','1-1111-0047','7001-0047','Recursos Humanos',to_date('12/03/20','DD/MM/RR'));
Insert into PROYECTO.EMPLEADOS (ID_EMPLEADO,NOMBRE,APELLIDO,CEDULA,TELEFONO,CARGO,FECHA_INGRESO) values ('E48','Verónica','Castillo','1-1111-0048','7001-0048','Vendedor',to_date('21/04/21','DD/MM/RR'));
Insert into PROYECTO.EMPLEADOS (ID_EMPLEADO,NOMBRE,APELLIDO,CEDULA,TELEFONO,CARGO,FECHA_INGRESO) values ('E49','Sergio','Herrera','1-1111-0049','7001-0049','Cajero',to_date('09/05/22','DD/MM/RR'));
Insert into PROYECTO.EMPLEADOS (ID_EMPLEADO,NOMBRE,APELLIDO,CEDULA,TELEFONO,CARGO,FECHA_INGRESO) values ('E50','Daniela','Rojas','1-1111-0050','7001-0050','Recepcionista',to_date('16/06/20','DD/MM/RR'));
REM INSERTING into PROYECTO.INVENTARIO
SET DEFINE OFF;
Insert into PROYECTO.INVENTARIO (ID_MATERIAL,CODIGO_MATERIAL,NOMBRE_MATERIAL,UNIDAD_MEDIDA,CATEGORIA,STOCK_ACTUAL,STOCK_MINIMO) values ('MT01','K758425689 ','Cemento 25KG','saco ','Materiales de construcción','50','15');
Insert into PROYECTO.INVENTARIO (ID_MATERIAL,CODIGO_MATERIAL,NOMBRE_MATERIAL,UNIDAD_MEDIDA,CATEGORIA,STOCK_ACTUAL,STOCK_MINIMO) values ('MT02','K758425690','Varilla #3 6m','unidad','Materiales de construcción','120','30');
Insert into PROYECTO.INVENTARIO (ID_MATERIAL,CODIGO_MATERIAL,NOMBRE_MATERIAL,UNIDAD_MEDIDA,CATEGORIA,STOCK_ACTUAL,STOCK_MINIMO) values ('MT03','K758425691','Varilla #4 6m','unidad','Materiales de construcción','100','25');
Insert into PROYECTO.INVENTARIO (ID_MATERIAL,CODIGO_MATERIAL,NOMBRE_MATERIAL,UNIDAD_MEDIDA,CATEGORIA,STOCK_ACTUAL,STOCK_MINIMO) values ('MT04','K758425692','Arena fina','m3','Agregados','80','20');
Insert into PROYECTO.INVENTARIO (ID_MATERIAL,CODIGO_MATERIAL,NOMBRE_MATERIAL,UNIDAD_MEDIDA,CATEGORIA,STOCK_ACTUAL,STOCK_MINIMO) values ('MT05','K758425693','Arena gruesa','m3','Agregados','75','20');
Insert into PROYECTO.INVENTARIO (ID_MATERIAL,CODIGO_MATERIAL,NOMBRE_MATERIAL,UNIDAD_MEDIDA,CATEGORIA,STOCK_ACTUAL,STOCK_MINIMO) values ('MT06','K758425694','Piedra cuarta','m3','Agregados','60','15');
Insert into PROYECTO.INVENTARIO (ID_MATERIAL,CODIGO_MATERIAL,NOMBRE_MATERIAL,UNIDAD_MEDIDA,CATEGORIA,STOCK_ACTUAL,STOCK_MINIMO) values ('MT07','K758425695','Piedra quintilla','m3','Agregados','55','15');
Insert into PROYECTO.INVENTARIO (ID_MATERIAL,CODIGO_MATERIAL,NOMBRE_MATERIAL,UNIDAD_MEDIDA,CATEGORIA,STOCK_ACTUAL,STOCK_MINIMO) values ('MT08','K758425696','Grava','m3','Agregados','70','20');
Insert into PROYECTO.INVENTARIO (ID_MATERIAL,CODIGO_MATERIAL,NOMBRE_MATERIAL,UNIDAD_MEDIDA,CATEGORIA,STOCK_ACTUAL,STOCK_MINIMO) values ('MT09','K758425697','Bloque de concreto','unidad','Materiales de construcción','500','100');
Insert into PROYECTO.INVENTARIO (ID_MATERIAL,CODIGO_MATERIAL,NOMBRE_MATERIAL,UNIDAD_MEDIDA,CATEGORIA,STOCK_ACTUAL,STOCK_MINIMO) values ('MT10','K758425698','Ladrillo rojo','unidad','Materiales de construcción','450','100');
Insert into PROYECTO.INVENTARIO (ID_MATERIAL,CODIGO_MATERIAL,NOMBRE_MATERIAL,UNIDAD_MEDIDA,CATEGORIA,STOCK_ACTUAL,STOCK_MINIMO) values ('MT11','K758425699','Tubo PVC 2 pulgadas','unidad','Tuberías','90','20');
Insert into PROYECTO.INVENTARIO (ID_MATERIAL,CODIGO_MATERIAL,NOMBRE_MATERIAL,UNIDAD_MEDIDA,CATEGORIA,STOCK_ACTUAL,STOCK_MINIMO) values ('MT12','K758425700','Tubo PVC 4 pulgadas','unidad','Tuberías','70','15');
Insert into PROYECTO.INVENTARIO (ID_MATERIAL,CODIGO_MATERIAL,NOMBRE_MATERIAL,UNIDAD_MEDIDA,CATEGORIA,STOCK_ACTUAL,STOCK_MINIMO) values ('MT13','K758425701','Codo PVC 2 pulgadas','unidad','Accesorios PVC','150','30');
Insert into PROYECTO.INVENTARIO (ID_MATERIAL,CODIGO_MATERIAL,NOMBRE_MATERIAL,UNIDAD_MEDIDA,CATEGORIA,STOCK_ACTUAL,STOCK_MINIMO) values ('MT14','K758425702','Codo PVC 4 pulgadas','unidad','Accesorios PVC','120','25');
Insert into PROYECTO.INVENTARIO (ID_MATERIAL,CODIGO_MATERIAL,NOMBRE_MATERIAL,UNIDAD_MEDIDA,CATEGORIA,STOCK_ACTUAL,STOCK_MINIMO) values ('MT15','K758425703','Pegamento PVC','galón','Químicos','35','10');
Insert into PROYECTO.INVENTARIO (ID_MATERIAL,CODIGO_MATERIAL,NOMBRE_MATERIAL,UNIDAD_MEDIDA,CATEGORIA,STOCK_ACTUAL,STOCK_MINIMO) values ('MT16','K758425704','Pintura blanca','galón','Pinturas','40','10');
Insert into PROYECTO.INVENTARIO (ID_MATERIAL,CODIGO_MATERIAL,NOMBRE_MATERIAL,UNIDAD_MEDIDA,CATEGORIA,STOCK_ACTUAL,STOCK_MINIMO) values ('MT17','K758425705','Pintura amarilla','galón','Pinturas','30','8');
Insert into PROYECTO.INVENTARIO (ID_MATERIAL,CODIGO_MATERIAL,NOMBRE_MATERIAL,UNIDAD_MEDIDA,CATEGORIA,STOCK_ACTUAL,STOCK_MINIMO) values ('MT18','K758425706','Pintura azul','galón','Pinturas','25','8');
Insert into PROYECTO.INVENTARIO (ID_MATERIAL,CODIGO_MATERIAL,NOMBRE_MATERIAL,UNIDAD_MEDIDA,CATEGORIA,STOCK_ACTUAL,STOCK_MINIMO) values ('MT19','K758425707','Brocha 4 pulgadas','unidad','Herramientas','60','15');
Insert into PROYECTO.INVENTARIO (ID_MATERIAL,CODIGO_MATERIAL,NOMBRE_MATERIAL,UNIDAD_MEDIDA,CATEGORIA,STOCK_ACTUAL,STOCK_MINIMO) values ('MT20','K758425708','Rodillo pintura','unidad','Herramientas','45','10');
Insert into PROYECTO.INVENTARIO (ID_MATERIAL,CODIGO_MATERIAL,NOMBRE_MATERIAL,UNIDAD_MEDIDA,CATEGORIA,STOCK_ACTUAL,STOCK_MINIMO) values ('MT21','K758425709','Aceite hidráulico','galón','Lubricantes','80','20');
Insert into PROYECTO.INVENTARIO (ID_MATERIAL,CODIGO_MATERIAL,NOMBRE_MATERIAL,UNIDAD_MEDIDA,CATEGORIA,STOCK_ACTUAL,STOCK_MINIMO) values ('MT22','K758425710','Aceite motor 15W40','galón','Lubricantes','90','25');
Insert into PROYECTO.INVENTARIO (ID_MATERIAL,CODIGO_MATERIAL,NOMBRE_MATERIAL,UNIDAD_MEDIDA,CATEGORIA,STOCK_ACTUAL,STOCK_MINIMO) values ('MT23','K758425711','Grasa industrial','kg','Lubricantes','70','15');
Insert into PROYECTO.INVENTARIO (ID_MATERIAL,CODIGO_MATERIAL,NOMBRE_MATERIAL,UNIDAD_MEDIDA,CATEGORIA,STOCK_ACTUAL,STOCK_MINIMO) values ('MT24','K758425712','Filtro de aceite','unidad','Repuestos','50','10');
Insert into PROYECTO.INVENTARIO (ID_MATERIAL,CODIGO_MATERIAL,NOMBRE_MATERIAL,UNIDAD_MEDIDA,CATEGORIA,STOCK_ACTUAL,STOCK_MINIMO) values ('MT25','K758425713','Filtro de aire','unidad','Repuestos','45','10');
Insert into PROYECTO.INVENTARIO (ID_MATERIAL,CODIGO_MATERIAL,NOMBRE_MATERIAL,UNIDAD_MEDIDA,CATEGORIA,STOCK_ACTUAL,STOCK_MINIMO) values ('MT26','K758425714','Filtro hidráulico','unidad','Repuestos','40','10');
Insert into PROYECTO.INVENTARIO (ID_MATERIAL,CODIGO_MATERIAL,NOMBRE_MATERIAL,UNIDAD_MEDIDA,CATEGORIA,STOCK_ACTUAL,STOCK_MINIMO) values ('MT27','K758425715','Batería 12V','unidad','Repuestos','20','5');
Insert into PROYECTO.INVENTARIO (ID_MATERIAL,CODIGO_MATERIAL,NOMBRE_MATERIAL,UNIDAD_MEDIDA,CATEGORIA,STOCK_ACTUAL,STOCK_MINIMO) values ('MT28','K758425716','Llanta maquinaria pesada','unidad','Repuestos','18','4');
Insert into PROYECTO.INVENTARIO (ID_MATERIAL,CODIGO_MATERIAL,NOMBRE_MATERIAL,UNIDAD_MEDIDA,CATEGORIA,STOCK_ACTUAL,STOCK_MINIMO) values ('MT29','K758425717','Manguera hidráulica','unidad','Repuestos','35','8');
Insert into PROYECTO.INVENTARIO (ID_MATERIAL,CODIGO_MATERIAL,NOMBRE_MATERIAL,UNIDAD_MEDIDA,CATEGORIA,STOCK_ACTUAL,STOCK_MINIMO) values ('MT30','K758425718','Correa industrial','unidad','Repuestos','30','8');
Insert into PROYECTO.INVENTARIO (ID_MATERIAL,CODIGO_MATERIAL,NOMBRE_MATERIAL,UNIDAD_MEDIDA,CATEGORIA,STOCK_ACTUAL,STOCK_MINIMO) values ('MT31','K758425719','Disco de corte','unidad','Herramientas','80','20');
Insert into PROYECTO.INVENTARIO (ID_MATERIAL,CODIGO_MATERIAL,NOMBRE_MATERIAL,UNIDAD_MEDIDA,CATEGORIA,STOCK_ACTUAL,STOCK_MINIMO) values ('MT32','K758425720','Disco de pulido','unidad','Herramientas','75','20');
Insert into PROYECTO.INVENTARIO (ID_MATERIAL,CODIGO_MATERIAL,NOMBRE_MATERIAL,UNIDAD_MEDIDA,CATEGORIA,STOCK_ACTUAL,STOCK_MINIMO) values ('MT33','K758425721','Soldadura eléctrica','kg','Consumibles','50','10');
Insert into PROYECTO.INVENTARIO (ID_MATERIAL,CODIGO_MATERIAL,NOMBRE_MATERIAL,UNIDAD_MEDIDA,CATEGORIA,STOCK_ACTUAL,STOCK_MINIMO) values ('MT34','K758425722','Cable eléctrico #12','metro','Material eléctrico','300','50');
Insert into PROYECTO.INVENTARIO (ID_MATERIAL,CODIGO_MATERIAL,NOMBRE_MATERIAL,UNIDAD_MEDIDA,CATEGORIA,STOCK_ACTUAL,STOCK_MINIMO) values ('MT35','K758425723','Cable eléctrico #10','metro','Material eléctrico','250','50');
Insert into PROYECTO.INVENTARIO (ID_MATERIAL,CODIGO_MATERIAL,NOMBRE_MATERIAL,UNIDAD_MEDIDA,CATEGORIA,STOCK_ACTUAL,STOCK_MINIMO) values ('MT36','K758425724','Interruptor industrial','unidad','Material eléctrico','40','10');
Insert into PROYECTO.INVENTARIO (ID_MATERIAL,CODIGO_MATERIAL,NOMBRE_MATERIAL,UNIDAD_MEDIDA,CATEGORIA,STOCK_ACTUAL,STOCK_MINIMO) values ('MT37','K758425725','Tomacorriente industrial','unidad','Material eléctrico','50','10');
Insert into PROYECTO.INVENTARIO (ID_MATERIAL,CODIGO_MATERIAL,NOMBRE_MATERIAL,UNIDAD_MEDIDA,CATEGORIA,STOCK_ACTUAL,STOCK_MINIMO) values ('MT38','K758425726','Extensión eléctrica 20m','unidad','Material eléctrico','25','5');
Insert into PROYECTO.INVENTARIO (ID_MATERIAL,CODIGO_MATERIAL,NOMBRE_MATERIAL,UNIDAD_MEDIDA,CATEGORIA,STOCK_ACTUAL,STOCK_MINIMO) values ('MT39','K758425727','Casco de seguridad','unidad','Equipo de protección','60','15');
Insert into PROYECTO.INVENTARIO (ID_MATERIAL,CODIGO_MATERIAL,NOMBRE_MATERIAL,UNIDAD_MEDIDA,CATEGORIA,STOCK_ACTUAL,STOCK_MINIMO) values ('MT40','K758425728','Chaleco reflectivo','unidad','Equipo de protección','70','20');
Insert into PROYECTO.INVENTARIO (ID_MATERIAL,CODIGO_MATERIAL,NOMBRE_MATERIAL,UNIDAD_MEDIDA,CATEGORIA,STOCK_ACTUAL,STOCK_MINIMO) values ('MT41','K758425729','Guantes industriales','par','Equipo de protección','100','25');
Insert into PROYECTO.INVENTARIO (ID_MATERIAL,CODIGO_MATERIAL,NOMBRE_MATERIAL,UNIDAD_MEDIDA,CATEGORIA,STOCK_ACTUAL,STOCK_MINIMO) values ('MT42','K758425730','Botas de seguridad','par','Equipo de protección','50','10');
Insert into PROYECTO.INVENTARIO (ID_MATERIAL,CODIGO_MATERIAL,NOMBRE_MATERIAL,UNIDAD_MEDIDA,CATEGORIA,STOCK_ACTUAL,STOCK_MINIMO) values ('MT43','K758425731','Lentes de seguridad','unidad','Equipo de protección','80','20');
Insert into PROYECTO.INVENTARIO (ID_MATERIAL,CODIGO_MATERIAL,NOMBRE_MATERIAL,UNIDAD_MEDIDA,CATEGORIA,STOCK_ACTUAL,STOCK_MINIMO) values ('MT44','K758425732','Mascarilla industrial','unidad','Equipo de protección','120','30');
Insert into PROYECTO.INVENTARIO (ID_MATERIAL,CODIGO_MATERIAL,NOMBRE_MATERIAL,UNIDAD_MEDIDA,CATEGORIA,STOCK_ACTUAL,STOCK_MINIMO) values ('MT45','K758425733','Cinta métrica 5m','unidad','Herramientas','35','8');
Insert into PROYECTO.INVENTARIO (ID_MATERIAL,CODIGO_MATERIAL,NOMBRE_MATERIAL,UNIDAD_MEDIDA,CATEGORIA,STOCK_ACTUAL,STOCK_MINIMO) values ('MT46','K758425734','Nivel de construcción','unidad','Herramientas','20','5');
Insert into PROYECTO.INVENTARIO (ID_MATERIAL,CODIGO_MATERIAL,NOMBRE_MATERIAL,UNIDAD_MEDIDA,CATEGORIA,STOCK_ACTUAL,STOCK_MINIMO) values ('MT47','K758425735','Martillo industrial','unidad','Herramientas','25','5');
Insert into PROYECTO.INVENTARIO (ID_MATERIAL,CODIGO_MATERIAL,NOMBRE_MATERIAL,UNIDAD_MEDIDA,CATEGORIA,STOCK_ACTUAL,STOCK_MINIMO) values ('MT48','K758425736','Pala cuadrada','unidad','Herramientas','30','8');
Insert into PROYECTO.INVENTARIO (ID_MATERIAL,CODIGO_MATERIAL,NOMBRE_MATERIAL,UNIDAD_MEDIDA,CATEGORIA,STOCK_ACTUAL,STOCK_MINIMO) values ('MT49','K758425737','Carretilla metálica','unidad','Herramientas','15','3');
Insert into PROYECTO.INVENTARIO (ID_MATERIAL,CODIGO_MATERIAL,NOMBRE_MATERIAL,UNIDAD_MEDIDA,CATEGORIA,STOCK_ACTUAL,STOCK_MINIMO) values ('MT50','K758425738','Generador portátil','unidad','Equipos','10','2');
REM INSERTING into PROYECTO.MAQUINARIA
SET DEFINE OFF;
Insert into PROYECTO.MAQUINARIA (ID_MAQUINARIA,TIPO,MARCA,MODELO,PLACA,ESTADO,ID_PROYECTO) values ('MQ01','Excavadora','Caterpillar','320D','BCL-1001','En Uso','P01');
Insert into PROYECTO.MAQUINARIA (ID_MAQUINARIA,TIPO,MARCA,MODELO,PLACA,ESTADO,ID_PROYECTO) values ('MQ02','Vagoneta','Mack','Granite','BCL-1002','Disponible','P02');
Insert into PROYECTO.MAQUINARIA (ID_MAQUINARIA,TIPO,MARCA,MODELO,PLACA,ESTADO,ID_PROYECTO) values ('MQ03','Retroexcavadora','JCB','3CX','BCL-1003','En Uso','P03');
Insert into PROYECTO.MAQUINARIA (ID_MAQUINARIA,TIPO,MARCA,MODELO,PLACA,ESTADO,ID_PROYECTO) values ('MQ04','Bulldozer','Caterpillar','D6T','BCL-1004','Disponible','P04');
Insert into PROYECTO.MAQUINARIA (ID_MAQUINARIA,TIPO,MARCA,MODELO,PLACA,ESTADO,ID_PROYECTO) values ('MQ05','Compactadora','Bomag','BW211','BCL-1005','En Uso','P05');
Insert into PROYECTO.MAQUINARIA (ID_MAQUINARIA,TIPO,MARCA,MODELO,PLACA,ESTADO,ID_PROYECTO) values ('MQ06','Motoniveladora','Caterpillar','140K','BCL-1006','Disponible','P06');
Insert into PROYECTO.MAQUINARIA (ID_MAQUINARIA,TIPO,MARCA,MODELO,PLACA,ESTADO,ID_PROYECTO) values ('MQ07','Cargador Frontal','Komatsu','WA320','BCL-1007','En Uso','P07');
Insert into PROYECTO.MAQUINARIA (ID_MAQUINARIA,TIPO,MARCA,MODELO,PLACA,ESTADO,ID_PROYECTO) values ('MQ08','Minicargador','Bobcat','S650','BCL-1008','Disponible','P08');
Insert into PROYECTO.MAQUINARIA (ID_MAQUINARIA,TIPO,MARCA,MODELO,PLACA,ESTADO,ID_PROYECTO) values ('MQ09','Rodillo Compactador','Dynapac','CA250','BCL-1009','En Uso','P09');
Insert into PROYECTO.MAQUINARIA (ID_MAQUINARIA,TIPO,MARCA,MODELO,PLACA,ESTADO,ID_PROYECTO) values ('MQ10','Camión Cisterna','Freightliner','M2','BCL-1010','Disponible','P10');
Insert into PROYECTO.MAQUINARIA (ID_MAQUINARIA,TIPO,MARCA,MODELO,PLACA,ESTADO,ID_PROYECTO) values ('MQ11','Excavadora','Komatsu','PC200','BCL-1011','En Uso','P11');
Insert into PROYECTO.MAQUINARIA (ID_MAQUINARIA,TIPO,MARCA,MODELO,PLACA,ESTADO,ID_PROYECTO) values ('MQ12','Vagoneta','International','HX620','BCL-1012','Disponible','P12');
Insert into PROYECTO.MAQUINARIA (ID_MAQUINARIA,TIPO,MARCA,MODELO,PLACA,ESTADO,ID_PROYECTO) values ('MQ13','Retroexcavadora','Case','580N','BCL-1013','En Uso','P13');
Insert into PROYECTO.MAQUINARIA (ID_MAQUINARIA,TIPO,MARCA,MODELO,PLACA,ESTADO,ID_PROYECTO) values ('MQ14','Bulldozer','Komatsu','D65','BCL-1014','Disponible','P14');
Insert into PROYECTO.MAQUINARIA (ID_MAQUINARIA,TIPO,MARCA,MODELO,PLACA,ESTADO,ID_PROYECTO) values ('MQ15','Compactadora','Hamm','3411','BCL-1015','En Uso','P15');
Insert into PROYECTO.MAQUINARIA (ID_MAQUINARIA,TIPO,MARCA,MODELO,PLACA,ESTADO,ID_PROYECTO) values ('MQ16','Motoniveladora','John Deere','770G','BCL-1016','Disponible','P16');
Insert into PROYECTO.MAQUINARIA (ID_MAQUINARIA,TIPO,MARCA,MODELO,PLACA,ESTADO,ID_PROYECTO) values ('MQ17','Cargador Frontal','Volvo','L90H','BCL-1017','En Uso','P17');
Insert into PROYECTO.MAQUINARIA (ID_MAQUINARIA,TIPO,MARCA,MODELO,PLACA,ESTADO,ID_PROYECTO) values ('MQ18','Minicargador','New Holland','L228','BCL-1018','Disponible','P18');
Insert into PROYECTO.MAQUINARIA (ID_MAQUINARIA,TIPO,MARCA,MODELO,PLACA,ESTADO,ID_PROYECTO) values ('MQ19','Rodillo Compactador','Bomag','BW213','BCL-1019','En Uso','P19');
Insert into PROYECTO.MAQUINARIA (ID_MAQUINARIA,TIPO,MARCA,MODELO,PLACA,ESTADO,ID_PROYECTO) values ('MQ20','Camión Cisterna','Kenworth','T370','BCL-1020','Disponible','P20');
Insert into PROYECTO.MAQUINARIA (ID_MAQUINARIA,TIPO,MARCA,MODELO,PLACA,ESTADO,ID_PROYECTO) values ('MQ21','Excavadora','Hitachi','ZX210','BCL-1021','En Uso','P21');
Insert into PROYECTO.MAQUINARIA (ID_MAQUINARIA,TIPO,MARCA,MODELO,PLACA,ESTADO,ID_PROYECTO) values ('MQ22','Vagoneta','Mack','Titan','BCL-1022','Disponible','P22');
Insert into PROYECTO.MAQUINARIA (ID_MAQUINARIA,TIPO,MARCA,MODELO,PLACA,ESTADO,ID_PROYECTO) values ('MQ23','Retroexcavadora','JCB','4CX','BCL-1023','En Uso','P23');
Insert into PROYECTO.MAQUINARIA (ID_MAQUINARIA,TIPO,MARCA,MODELO,PLACA,ESTADO,ID_PROYECTO) values ('MQ24','Bulldozer','Caterpillar','D8T','BCL-1024','Disponible','P24');
Insert into PROYECTO.MAQUINARIA (ID_MAQUINARIA,TIPO,MARCA,MODELO,PLACA,ESTADO,ID_PROYECTO) values ('MQ25','Compactadora','Dynapac','CA350','BCL-1025','En Uso','P25');
Insert into PROYECTO.MAQUINARIA (ID_MAQUINARIA,TIPO,MARCA,MODELO,PLACA,ESTADO,ID_PROYECTO) values ('MQ26','Motoniveladora','Komatsu','GD655','BCL-1026','Disponible','P26');
Insert into PROYECTO.MAQUINARIA (ID_MAQUINARIA,TIPO,MARCA,MODELO,PLACA,ESTADO,ID_PROYECTO) values ('MQ27','Cargador Frontal','Hyundai','HL760','BCL-1027','En Uso','P27');
Insert into PROYECTO.MAQUINARIA (ID_MAQUINARIA,TIPO,MARCA,MODELO,PLACA,ESTADO,ID_PROYECTO) values ('MQ28','Minicargador','Bobcat','S770','BCL-1028','Disponible','P28');
Insert into PROYECTO.MAQUINARIA (ID_MAQUINARIA,TIPO,MARCA,MODELO,PLACA,ESTADO,ID_PROYECTO) values ('MQ29','Rodillo Compactador','Hamm','3414','BCL-1029','En Uso','P29');
Insert into PROYECTO.MAQUINARIA (ID_MAQUINARIA,TIPO,MARCA,MODELO,PLACA,ESTADO,ID_PROYECTO) values ('MQ30','Camión Cisterna','International','HV607','BCL-1030','Disponible','P30');
Insert into PROYECTO.MAQUINARIA (ID_MAQUINARIA,TIPO,MARCA,MODELO,PLACA,ESTADO,ID_PROYECTO) values ('MQ31','Excavadora','Doosan','DX225','BCL-1031','En Uso','P31');
Insert into PROYECTO.MAQUINARIA (ID_MAQUINARIA,TIPO,MARCA,MODELO,PLACA,ESTADO,ID_PROYECTO) values ('MQ32','Vagoneta','Freightliner','114SD','BCL-1032','Disponible','P32');
Insert into PROYECTO.MAQUINARIA (ID_MAQUINARIA,TIPO,MARCA,MODELO,PLACA,ESTADO,ID_PROYECTO) values ('MQ33','Retroexcavadora','Case','590SN','BCL-1033','En Uso','P33');
Insert into PROYECTO.MAQUINARIA (ID_MAQUINARIA,TIPO,MARCA,MODELO,PLACA,ESTADO,ID_PROYECTO) values ('MQ34','Bulldozer','John Deere','850K','BCL-1034','Disponible','P34');
Insert into PROYECTO.MAQUINARIA (ID_MAQUINARIA,TIPO,MARCA,MODELO,PLACA,ESTADO,ID_PROYECTO) values ('MQ35','Compactadora','Bomag','BW219','BCL-1035','En Uso','P35');
Insert into PROYECTO.MAQUINARIA (ID_MAQUINARIA,TIPO,MARCA,MODELO,PLACA,ESTADO,ID_PROYECTO) values ('MQ36','Motoniveladora','Volvo','G940','BCL-1036','Disponible','P36');
Insert into PROYECTO.MAQUINARIA (ID_MAQUINARIA,TIPO,MARCA,MODELO,PLACA,ESTADO,ID_PROYECTO) values ('MQ37','Cargador Frontal','Caterpillar','950GC','BCL-1037','En Uso','P37');
Insert into PROYECTO.MAQUINARIA (ID_MAQUINARIA,TIPO,MARCA,MODELO,PLACA,ESTADO,ID_PROYECTO) values ('MQ38','Minicargador','Gehl','R220','BCL-1038','Disponible','P38');
Insert into PROYECTO.MAQUINARIA (ID_MAQUINARIA,TIPO,MARCA,MODELO,PLACA,ESTADO,ID_PROYECTO) values ('MQ39','Rodillo Compactador','Dynapac','CA150','BCL-1039','En Uso','P39');
Insert into PROYECTO.MAQUINARIA (ID_MAQUINARIA,TIPO,MARCA,MODELO,PLACA,ESTADO,ID_PROYECTO) values ('MQ40','Camión Cisterna','Kenworth','T800','BCL-1040','Disponible','P40');
Insert into PROYECTO.MAQUINARIA (ID_MAQUINARIA,TIPO,MARCA,MODELO,PLACA,ESTADO,ID_PROYECTO) values ('MQ41','Excavadora','Caterpillar','323','BCL-1041','En Uso','P41');
Insert into PROYECTO.MAQUINARIA (ID_MAQUINARIA,TIPO,MARCA,MODELO,PLACA,ESTADO,ID_PROYECTO) values ('MQ42','Vagoneta','Mack','Pinnacle','BCL-1042','Disponible','P42');
Insert into PROYECTO.MAQUINARIA (ID_MAQUINARIA,TIPO,MARCA,MODELO,PLACA,ESTADO,ID_PROYECTO) values ('MQ43','Retroexcavadora','New Holland','B95C','BCL-1043','En Uso','P43');
Insert into PROYECTO.MAQUINARIA (ID_MAQUINARIA,TIPO,MARCA,MODELO,PLACA,ESTADO,ID_PROYECTO) values ('MQ44','Bulldozer','Komatsu','D85EX','BCL-1044','Disponible','P44');
Insert into PROYECTO.MAQUINARIA (ID_MAQUINARIA,TIPO,MARCA,MODELO,PLACA,ESTADO,ID_PROYECTO) values ('MQ45','Compactadora','Hamm','3520','BCL-1045','En Uso','P45');
Insert into PROYECTO.MAQUINARIA (ID_MAQUINARIA,TIPO,MARCA,MODELO,PLACA,ESTADO,ID_PROYECTO) values ('MQ46','Motoniveladora','Caterpillar','120M','BCL-1046','Disponible','P46');
Insert into PROYECTO.MAQUINARIA (ID_MAQUINARIA,TIPO,MARCA,MODELO,PLACA,ESTADO,ID_PROYECTO) values ('MQ47','Cargador Frontal','Komatsu','WA380','BCL-1047','En Uso','P47');
Insert into PROYECTO.MAQUINARIA (ID_MAQUINARIA,TIPO,MARCA,MODELO,PLACA,ESTADO,ID_PROYECTO) values ('MQ48','Minicargador','Bobcat','T590','BCL-1048','Disponible','P48');
Insert into PROYECTO.MAQUINARIA (ID_MAQUINARIA,TIPO,MARCA,MODELO,PLACA,ESTADO,ID_PROYECTO) values ('MQ49','Rodillo Compactador','Bomag','BW177','BCL-1049','En Uso','P49');
Insert into PROYECTO.MAQUINARIA (ID_MAQUINARIA,TIPO,MARCA,MODELO,PLACA,ESTADO,ID_PROYECTO) values ('MQ50','Camión Cisterna','Freightliner','108SD','BCL-1050','Disponible','P50');
REM INSERTING into PROYECTO.ORDENES_COMPRA
SET DEFINE OFF;
Insert into PROYECTO.ORDENES_COMPRA (ID_ORDEN_COMPRA,FECHA,DESCRIPCION,MONTO_TOTAL,ESTADO,ID_PROVEEDOR) values ('OC02',to_date('10/08/23','DD/MM/RR'),'Compra de repuestos para excavadora','1250000','Pendiente','PV02');
Insert into PROYECTO.ORDENES_COMPRA (ID_ORDEN_COMPRA,FECHA,DESCRIPCION,MONTO_TOTAL,ESTADO,ID_PROVEEDOR) values ('OC03',to_date('25/08/23','DD/MM/RR'),'Compra de aceite hidráulico','850000','Pendiente','PV03');
Insert into PROYECTO.ORDENES_COMPRA (ID_ORDEN_COMPRA,FECHA,DESCRIPCION,MONTO_TOTAL,ESTADO,ID_PROVEEDOR) values ('OC04',to_date('05/09/23','DD/MM/RR'),'Compra de combustible diesel','3200000','Pendiente','PV04');
Insert into PROYECTO.ORDENES_COMPRA (ID_ORDEN_COMPRA,FECHA,DESCRIPCION,MONTO_TOTAL,ESTADO,ID_PROVEEDOR) values ('OC05',to_date('18/09/23','DD/MM/RR'),'Compra de llantas para maquinaria pesada','2750000','Pendiente','PV05');
Insert into PROYECTO.ORDENES_COMPRA (ID_ORDEN_COMPRA,FECHA,DESCRIPCION,MONTO_TOTAL,ESTADO,ID_PROVEEDOR) values ('OC06',to_date('30/09/23','DD/MM/RR'),'Compra de cemento y agregados','1850000','Pendiente','PV06');
Insert into PROYECTO.ORDENES_COMPRA (ID_ORDEN_COMPRA,FECHA,DESCRIPCION,MONTO_TOTAL,ESTADO,ID_PROVEEDOR) values ('OC07',to_date('15/10/23','DD/MM/RR'),'Compra de servicios de transporte','950000','Pendiente','PV07');
Insert into PROYECTO.ORDENES_COMPRA (ID_ORDEN_COMPRA,FECHA,DESCRIPCION,MONTO_TOTAL,ESTADO,ID_PROVEEDOR) values ('OC08',to_date('28/10/23','DD/MM/RR'),'Compra de lubricantes industriales','675000','Pendiente','PV08');
Insert into PROYECTO.ORDENES_COMPRA (ID_ORDEN_COMPRA,FECHA,DESCRIPCION,MONTO_TOTAL,ESTADO,ID_PROVEEDOR) values ('OC09',to_date('12/11/23','DD/MM/RR'),'Compra de motor para excavadora','4250000','Pendiente','PV09');
Insert into PROYECTO.ORDENES_COMPRA (ID_ORDEN_COMPRA,FECHA,DESCRIPCION,MONTO_TOTAL,ESTADO,ID_PROVEEDOR) values ('OC10',to_date('25/11/23','DD/MM/RR'),'Compra de herramientas industriales','580000','Pendiente','PV10');
Insert into PROYECTO.ORDENES_COMPRA (ID_ORDEN_COMPRA,FECHA,DESCRIPCION,MONTO_TOTAL,ESTADO,ID_PROVEEDOR) values ('OC11',to_date('05/12/23','DD/MM/RR'),'Compra de bloques de concreto','920000','Pendiente','PV11');
Insert into PROYECTO.ORDENES_COMPRA (ID_ORDEN_COMPRA,FECHA,DESCRIPCION,MONTO_TOTAL,ESTADO,ID_PROVEEDOR) values ('OC12',to_date('15/12/23','DD/MM/RR'),'Compra de combustible diesel','3650000','Pendiente','PV12');
Insert into PROYECTO.ORDENES_COMPRA (ID_ORDEN_COMPRA,FECHA,DESCRIPCION,MONTO_TOTAL,ESTADO,ID_PROVEEDOR) values ('OC13',to_date('10/01/24','DD/MM/RR'),'Compra de equipo de seguridad','450000','Pendiente','PV13');
Insert into PROYECTO.ORDENES_COMPRA (ID_ORDEN_COMPRA,FECHA,DESCRIPCION,MONTO_TOTAL,ESTADO,ID_PROVEEDOR) values ('OC14',to_date('22/01/24','DD/MM/RR'),'Compra de piedra y arena','1750000','Pendiente','PV14');
Insert into PROYECTO.ORDENES_COMPRA (ID_ORDEN_COMPRA,FECHA,DESCRIPCION,MONTO_TOTAL,ESTADO,ID_PROVEEDOR) values ('OC15',to_date('05/02/24','DD/MM/RR'),'Mantenimiento de maquinaria pesada','1350000','Pendiente','PV15');
Insert into PROYECTO.ORDENES_COMPRA (ID_ORDEN_COMPRA,FECHA,DESCRIPCION,MONTO_TOTAL,ESTADO,ID_PROVEEDOR) values ('OC16',to_date('18/02/24','DD/MM/RR'),'Compra de materiales diversos','890000','Pendiente','PV16');
Insert into PROYECTO.ORDENES_COMPRA (ID_ORDEN_COMPRA,FECHA,DESCRIPCION,MONTO_TOTAL,ESTADO,ID_PROVEEDOR) values ('OC17',to_date('01/03/24','DD/MM/RR'),'Compra de filtros hidráulicos','380000','Pendiente','PV17');
Insert into PROYECTO.ORDENES_COMPRA (ID_ORDEN_COMPRA,FECHA,DESCRIPCION,MONTO_TOTAL,ESTADO,ID_PROVEEDOR) values ('OC18',to_date('15/03/24','DD/MM/RR'),'Compra de herramientas eléctricas','795000','Pendiente','PV18');
Insert into PROYECTO.ORDENES_COMPRA (ID_ORDEN_COMPRA,FECHA,DESCRIPCION,MONTO_TOTAL,ESTADO,ID_PROVEEDOR) values ('OC19',to_date('28/03/24','DD/MM/RR'),'Compra de repuestos mecánicos','1180000','Pendiente','PV19');
Insert into PROYECTO.ORDENES_COMPRA (ID_ORDEN_COMPRA,FECHA,DESCRIPCION,MONTO_TOTAL,ESTADO,ID_PROVEEDOR) values ('OC20',to_date('12/04/24','DD/MM/RR'),'Compra de bombas hidráulicas','2450000','Pendiente','PV20');
Insert into PROYECTO.ORDENES_COMPRA (ID_ORDEN_COMPRA,FECHA,DESCRIPCION,MONTO_TOTAL,ESTADO,ID_PROVEEDOR) values ('OC21',to_date('25/04/24','DD/MM/RR'),'Compra de materiales de construcción','960000','Pendiente','PV21');
Insert into PROYECTO.ORDENES_COMPRA (ID_ORDEN_COMPRA,FECHA,DESCRIPCION,MONTO_TOTAL,ESTADO,ID_PROVEEDOR) values ('OC22',to_date('10/05/24','DD/MM/RR'),'Compra de accesorios para maquinaria','1450000','Pendiente','PV22');
Insert into PROYECTO.ORDENES_COMPRA (ID_ORDEN_COMPRA,FECHA,DESCRIPCION,MONTO_TOTAL,ESTADO,ID_PROVEEDOR) values ('OC23',to_date('24/05/24','DD/MM/RR'),'Compra de concreto premezclado','2850000','Pendiente','PV23');
Insert into PROYECTO.ORDENES_COMPRA (ID_ORDEN_COMPRA,FECHA,DESCRIPCION,MONTO_TOTAL,ESTADO,ID_PROVEEDOR) values ('OC24',to_date('05/06/24','DD/MM/RR'),'Compra de materiales viales','1725000','Pendiente','PV24');
Insert into PROYECTO.ORDENES_COMPRA (ID_ORDEN_COMPRA,FECHA,DESCRIPCION,MONTO_TOTAL,ESTADO,ID_PROVEEDOR) values ('OC25',to_date('18/06/24','DD/MM/RR'),'Compra de repuestos industriales','940000','Pendiente','PV25');
Insert into PROYECTO.ORDENES_COMPRA (ID_ORDEN_COMPRA,FECHA,DESCRIPCION,MONTO_TOTAL,ESTADO,ID_PROVEEDOR) values ('OC26',to_date('01/07/24','DD/MM/RR'),'Compra de suministros importados','2100000','Pendiente','PV26');
Insert into PROYECTO.ORDENES_COMPRA (ID_ORDEN_COMPRA,FECHA,DESCRIPCION,MONTO_TOTAL,ESTADO,ID_PROVEEDOR) values ('OC27',to_date('15/07/24','DD/MM/RR'),'Compra de equipos de construcción','3950000','Pendiente','PV27');
Insert into PROYECTO.ORDENES_COMPRA (ID_ORDEN_COMPRA,FECHA,DESCRIPCION,MONTO_TOTAL,ESTADO,ID_PROVEEDOR) values ('OC28',to_date('29/07/24','DD/MM/RR'),'Compra de motores diesel','5200000','Pendiente','PV28');
Insert into PROYECTO.ORDENES_COMPRA (ID_ORDEN_COMPRA,FECHA,DESCRIPCION,MONTO_TOTAL,ESTADO,ID_PROVEEDOR) values ('OC29',to_date('12/08/24','DD/MM/RR'),'Compra de materiales agrícolas','480000','Pendiente','PV29');
Insert into PROYECTO.ORDENES_COMPRA (ID_ORDEN_COMPRA,FECHA,DESCRIPCION,MONTO_TOTAL,ESTADO,ID_PROVEEDOR) values ('OC30',to_date('26/08/24','DD/MM/RR'),'Compra de sistemas hidráulicos','2650000','Pendiente','PV30');
Insert into PROYECTO.ORDENES_COMPRA (ID_ORDEN_COMPRA,FECHA,DESCRIPCION,MONTO_TOTAL,ESTADO,ID_PROVEEDOR) values ('OC31',to_date('10/09/24','DD/MM/RR'),'Compra de materiales diversos','750000','Pendiente','PV31');
Insert into PROYECTO.ORDENES_COMPRA (ID_ORDEN_COMPRA,FECHA,DESCRIPCION,MONTO_TOTAL,ESTADO,ID_PROVEEDOR) values ('OC32',to_date('24/09/24','DD/MM/RR'),'Compra de insumos técnicos','680000','Pendiente','PV32');
Insert into PROYECTO.ORDENES_COMPRA (ID_ORDEN_COMPRA,FECHA,DESCRIPCION,MONTO_TOTAL,ESTADO,ID_PROVEEDOR) values ('OC33',to_date('08/10/24','DD/MM/RR'),'Compra de herramientas especializadas','890000','Pendiente','PV33');
Insert into PROYECTO.ORDENES_COMPRA (ID_ORDEN_COMPRA,FECHA,DESCRIPCION,MONTO_TOTAL,ESTADO,ID_PROVEEDOR) values ('OC34',to_date('22/10/24','DD/MM/RR'),'Compra de repuestos de maquinaria','1150000','Pendiente','PV34');
Insert into PROYECTO.ORDENES_COMPRA (ID_ORDEN_COMPRA,FECHA,DESCRIPCION,MONTO_TOTAL,ESTADO,ID_PROVEEDOR) values ('OC35',to_date('05/11/24','DD/MM/RR'),'Compra de combustible','3100000','Pendiente','PV35');
Insert into PROYECTO.ORDENES_COMPRA (ID_ORDEN_COMPRA,FECHA,DESCRIPCION,MONTO_TOTAL,ESTADO,ID_PROVEEDOR) values ('OC36',to_date('18/11/24','DD/MM/RR'),'Compra de materiales metálicos','1200000','Cancelada','PV36');
Insert into PROYECTO.ORDENES_COMPRA (ID_ORDEN_COMPRA,FECHA,DESCRIPCION,MONTO_TOTAL,ESTADO,ID_PROVEEDOR) values ('OC37',to_date('02/12/24','DD/MM/RR'),'Compra de maquinaria menor','2650000','Cancelada','PV37');
Insert into PROYECTO.ORDENES_COMPRA (ID_ORDEN_COMPRA,FECHA,DESCRIPCION,MONTO_TOTAL,ESTADO,ID_PROVEEDOR) values ('OC38',to_date('16/12/24','DD/MM/RR'),'Contratación de excavaciones','1750000','Cancelada','PV38');
Insert into PROYECTO.ORDENES_COMPRA (ID_ORDEN_COMPRA,FECHA,DESCRIPCION,MONTO_TOTAL,ESTADO,ID_PROVEEDOR) values ('OC39',to_date('06/01/25','DD/MM/RR'),'Compra de repuestos especiales','985000','Cancelada','PV39');
Insert into PROYECTO.ORDENES_COMPRA (ID_ORDEN_COMPRA,FECHA,DESCRIPCION,MONTO_TOTAL,ESTADO,ID_PROVEEDOR) values ('OC40',to_date('20/01/25','DD/MM/RR'),'Compra de equipos técnicos','1450000','Cancelada','PV40');
Insert into PROYECTO.ORDENES_COMPRA (ID_ORDEN_COMPRA,FECHA,DESCRIPCION,MONTO_TOTAL,ESTADO,ID_PROVEEDOR) values ('OC41',to_date('03/02/25','DD/MM/RR'),'Compra de materiales importados','2950000','Cancelada','PV41');
Insert into PROYECTO.ORDENES_COMPRA (ID_ORDEN_COMPRA,FECHA,DESCRIPCION,MONTO_TOTAL,ESTADO,ID_PROVEEDOR) values ('OC42',to_date('17/02/25','DD/MM/RR'),'Compra de suministros de construcción','890000','Cancelada','PV42');
Insert into PROYECTO.ORDENES_COMPRA (ID_ORDEN_COMPRA,FECHA,DESCRIPCION,MONTO_TOTAL,ESTADO,ID_PROVEEDOR) values ('OC43',to_date('03/03/25','DD/MM/RR'),'Compra de maquinaria pesada','9500000','Cancelada','PV43');
Insert into PROYECTO.ORDENES_COMPRA (ID_ORDEN_COMPRA,FECHA,DESCRIPCION,MONTO_TOTAL,ESTADO,ID_PROVEEDOR) values ('OC44',to_date('17/03/25','DD/MM/RR'),'Compra de herramientas industriales','675000','Cancelada','PV44');
Insert into PROYECTO.ORDENES_COMPRA (ID_ORDEN_COMPRA,FECHA,DESCRIPCION,MONTO_TOTAL,ESTADO,ID_PROVEEDOR) values ('OC45',to_date('31/03/25','DD/MM/RR'),'Compra de servicios técnicos','780000','Cancelada','PV45');
Insert into PROYECTO.ORDENES_COMPRA (ID_ORDEN_COMPRA,FECHA,DESCRIPCION,MONTO_TOTAL,ESTADO,ID_PROVEEDOR) values ('OC46',to_date('14/04/25','DD/MM/RR'),'Compra de motores y partes','3450000','Cancelada','PV46');
Insert into PROYECTO.ORDENES_COMPRA (ID_ORDEN_COMPRA,FECHA,DESCRIPCION,MONTO_TOTAL,ESTADO,ID_PROVEEDOR) values ('OC47',to_date('28/04/25','DD/MM/RR'),'Compra de suministros de ingeniería','1325000','Cancelada','PV47');
Insert into PROYECTO.ORDENES_COMPRA (ID_ORDEN_COMPRA,FECHA,DESCRIPCION,MONTO_TOTAL,ESTADO,ID_PROVEEDOR) values ('OC48',to_date('12/05/25','DD/MM/RR'),'Compra de equipo de construcción','4150000','Cancelada','PV48');
Insert into PROYECTO.ORDENES_COMPRA (ID_ORDEN_COMPRA,FECHA,DESCRIPCION,MONTO_TOTAL,ESTADO,ID_PROVEEDOR) values ('OC49',to_date('26/05/25','DD/MM/RR'),'Compra de materiales varios','720000','Cancelada','PV49');
Insert into PROYECTO.ORDENES_COMPRA (ID_ORDEN_COMPRA,FECHA,DESCRIPCION,MONTO_TOTAL,ESTADO,ID_PROVEEDOR) values ('OC50',to_date('09/06/25','DD/MM/RR'),'Compra de repuestos industriales','1185000','Cancelada','PV50');
REM INSERTING into PROYECTO.PROVEEDORES
SET DEFINE OFF;
Insert into PROYECTO.PROVEEDORES (ID_PROVEEDOR,NOMBRE,TELEFONO,CORREO,DIRECCION) values ('PV01','ALCO S.A.','2201-5001','servicioalcliente@alco.com','Alajuela,Costa Rica');
Insert into PROYECTO.PROVEEDORES (ID_PROVEEDOR,NOMBRE,TELEFONO,CORREO,DIRECCION) values ('PV02','Maquinaria del Valle S.A.','2201-5002','contacto@maqvalle.com','Cartago,Costa Rica');
Insert into PROYECTO.PROVEEDORES (ID_PROVEEDOR,NOMBRE,TELEFONO,CORREO,DIRECCION) values ('PV03','Repuestos Industriales CR','2201-5003','ventas@repuestoscr.com','Heredia,Costa Rica');
Insert into PROYECTO.PROVEEDORES (ID_PROVEEDOR,NOMBRE,TELEFONO,CORREO,DIRECCION) values ('PV04','Combustibles Nacionales S.A.','2201-5004','servicio@combustiblesnac.com','San José,Costa Rica');
Insert into PROYECTO.PROVEEDORES (ID_PROVEEDOR,NOMBRE,TELEFONO,CORREO,DIRECCION) values ('PV05','Equipos Pesados del Norte','2201-5005','info@equipospesados.com','Liberia,Guanacaste');
Insert into PROYECTO.PROVEEDORES (ID_PROVEEDOR,NOMBRE,TELEFONO,CORREO,DIRECCION) values ('PV06','Materiales Constructivos S.A.','2201-5006','ventas@matconstru.com','Alajuela,Costa Rica');
Insert into PROYECTO.PROVEEDORES (ID_PROVEEDOR,NOMBRE,TELEFONO,CORREO,DIRECCION) values ('PV07','Transportes y Carga CR','2201-5007','contacto@transportescr.com','Puntarenas,Costa Rica');
Insert into PROYECTO.PROVEEDORES (ID_PROVEEDOR,NOMBRE,TELEFONO,CORREO,DIRECCION) values ('PV08','Lubricantes Industriales','2201-5008','ventas@lubricantesind.com','Heredia,Costa Rica');
Insert into PROYECTO.PROVEEDORES (ID_PROVEEDOR,NOMBRE,TELEFONO,CORREO,DIRECCION) values ('PV09','Motores y Equipos S.A.','2201-5009','info@motoresyequipos.com','Cartago,Costa Rica');
Insert into PROYECTO.PROVEEDORES (ID_PROVEEDOR,NOMBRE,TELEFONO,CORREO,DIRECCION) values ('PV10','Suministros Técnicos CR','2201-5010','servicio@suministrostec.com','San José,Costa Rica');
Insert into PROYECTO.PROVEEDORES (ID_PROVEEDOR,NOMBRE,TELEFONO,CORREO,DIRECCION) values ('PV11','ConstruMateriales S.A.','2201-5011','ventas@construmat.com','Escazú,San José');
Insert into PROYECTO.PROVEEDORES (ID_PROVEEDOR,NOMBRE,TELEFONO,CORREO,DIRECCION) values ('PV12','Diesel Plus CR','2201-5012','contacto@dieselplus.com','Belén,Heredia');
Insert into PROYECTO.PROVEEDORES (ID_PROVEEDOR,NOMBRE,TELEFONO,CORREO,DIRECCION) values ('PV13','Herramientas Profesionales','2201-5013','info@herramientaspro.com','Cartago,Costa Rica');
Insert into PROYECTO.PROVEEDORES (ID_PROVEEDOR,NOMBRE,TELEFONO,CORREO,DIRECCION) values ('PV14','Agregados Nacionales','2201-5014','ventas@agregados.com','Alajuela,Costa Rica');
Insert into PROYECTO.PROVEEDORES (ID_PROVEEDOR,NOMBRE,TELEFONO,CORREO,DIRECCION) values ('PV15','Servicios Mecánicos CR','2201-5015','servicio@servmecanicos.com','Heredia,Costa Rica');
Insert into PROYECTO.PROVEEDORES (ID_PROVEEDOR,NOMBRE,TELEFONO,CORREO,DIRECCION) values ('PV16','Distribuidora El Constructor','2201-5016','contacto@constructor.com','San José,Costa Rica');
Insert into PROYECTO.PROVEEDORES (ID_PROVEEDOR,NOMBRE,TELEFONO,CORREO,DIRECCION) values ('PV17','Repuestos del Pacífico','2201-5017','ventas@repuestospacifico.com','Quepos,Puntarenas');
Insert into PROYECTO.PROVEEDORES (ID_PROVEEDOR,NOMBRE,TELEFONO,CORREO,DIRECCION) values ('PV18','Soluciones Industriales S.A.','2201-5018','info@solucionesind.com','Alajuela,Costa Rica');
Insert into PROYECTO.PROVEEDORES (ID_PROVEEDOR,NOMBRE,TELEFONO,CORREO,DIRECCION) values ('PV19','Ferretería Industrial CR','2201-5019','ventas@ferreind.com','Cartago,Costa Rica');
Insert into PROYECTO.PROVEEDORES (ID_PROVEEDOR,NOMBRE,TELEFONO,CORREO,DIRECCION) values ('PV20','Equipos Hidráulicos CR','2201-5020','contacto@hidraulicoscr.com','Heredia,Costa Rica');
Insert into PROYECTO.PROVEEDORES (ID_PROVEEDOR,NOMBRE,TELEFONO,CORREO,DIRECCION) values ('PV21','Grupo Constructor Nacional','2201-5021','info@gcnacional.com','San José,Costa Rica');
Insert into PROYECTO.PROVEEDORES (ID_PROVEEDOR,NOMBRE,TELEFONO,CORREO,DIRECCION) values ('PV22','Tecnomaquinaria S.A.','2201-5022','ventas@tecnomaquinaria.com','Alajuela,Costa Rica');
Insert into PROYECTO.PROVEEDORES (ID_PROVEEDOR,NOMBRE,TELEFONO,CORREO,DIRECCION) values ('PV23','Concreto y Más','2201-5023','contacto@concretoymas.com','Cartago,Costa Rica');
Insert into PROYECTO.PROVEEDORES (ID_PROVEEDOR,NOMBRE,TELEFONO,CORREO,DIRECCION) values ('PV24','Vialidad y Obras CR','2201-5024','info@vialidadcr.com','Heredia,Costa Rica');
Insert into PROYECTO.PROVEEDORES (ID_PROVEEDOR,NOMBRE,TELEFONO,CORREO,DIRECCION) values ('PV25','Mega Repuestos S.A.','2201-5025','ventas@megarepuestos.com','San José,Costa Rica');
Insert into PROYECTO.PROVEEDORES (ID_PROVEEDOR,NOMBRE,TELEFONO,CORREO,DIRECCION) values ('PV26','Importadora Industrial','2201-5026','servicio@importadoraind.com','Alajuela,Costa Rica');
Insert into PROYECTO.PROVEEDORES (ID_PROVEEDOR,NOMBRE,TELEFONO,CORREO,DIRECCION) values ('PV27','Comercial de Equipos CR','2201-5027','contacto@comequipos.com','Cartago,Costa Rica');
Insert into PROYECTO.PROVEEDORES (ID_PROVEEDOR,NOMBRE,TELEFONO,CORREO,DIRECCION) values ('PV28','Motores Diesel Costa Rica','2201-5028','info@motoresdiesel.com','Heredia,Costa Rica');
Insert into PROYECTO.PROVEEDORES (ID_PROVEEDOR,NOMBRE,TELEFONO,CORREO,DIRECCION) values ('PV29','Agroindustrial del Valle','2201-5029','ventas@agrovalle.com','San Carlos,Alajuela');
Insert into PROYECTO.PROVEEDORES (ID_PROVEEDOR,NOMBRE,TELEFONO,CORREO,DIRECCION) values ('PV30','Sistemas Hidráulicos CR','2201-5030','contacto@sishidraulicos.com','San José,Costa Rica');
Insert into PROYECTO.PROVEEDORES (ID_PROVEEDOR,NOMBRE,TELEFONO,CORREO,DIRECCION) values ('PV31','Constructora de Suministros','2201-5031','info@consuministros.com','Cartago,Costa Rica');
Insert into PROYECTO.PROVEEDORES (ID_PROVEEDOR,NOMBRE,TELEFONO,CORREO,DIRECCION) values ('PV32','Insumos Técnicos Nacionales','2201-5032','ventas@insumostec.com','Heredia,Costa Rica');
Insert into PROYECTO.PROVEEDORES (ID_PROVEEDOR,NOMBRE,TELEFONO,CORREO,DIRECCION) values ('PV33','Equipos y Herramientas CR','2201-5033','contacto@equiposherr.com','Alajuela,Costa Rica');
Insert into PROYECTO.PROVEEDORES (ID_PROVEEDOR,NOMBRE,TELEFONO,CORREO,DIRECCION) values ('PV34','Repuestos del Atlántico','2201-5034','ventas@repatlantico.com','Limón,Costa Rica');
Insert into PROYECTO.PROVEEDORES (ID_PROVEEDOR,NOMBRE,TELEFONO,CORREO,DIRECCION) values ('PV35','Combustibles del Valle','2201-5035','info@combustiblesvalle.com','Cartago,Costa Rica');
Insert into PROYECTO.PROVEEDORES (ID_PROVEEDOR,NOMBRE,TELEFONO,CORREO,DIRECCION) values ('PV36','FerroMateriales S.A.','2201-5036','ventas@ferromat.com','San José,Costa Rica');
Insert into PROYECTO.PROVEEDORES (ID_PROVEEDOR,NOMBRE,TELEFONO,CORREO,DIRECCION) values ('PV37','Equipos Constructivos','2201-5037','contacto@equiposconst.com','Heredia,Costa Rica');
Insert into PROYECTO.PROVEEDORES (ID_PROVEEDOR,NOMBRE,TELEFONO,CORREO,DIRECCION) values ('PV38','Servicios de Excavación CR','2201-5038','info@servexcavacion.com','Alajuela,Costa Rica');
Insert into PROYECTO.PROVEEDORES (ID_PROVEEDOR,NOMBRE,TELEFONO,CORREO,DIRECCION) values ('PV39','Industrial del Pacífico','2201-5039','ventas@indpacifico.com','Puntarenas,Costa Rica');
Insert into PROYECTO.PROVEEDORES (ID_PROVEEDOR,NOMBRE,TELEFONO,CORREO,DIRECCION) values ('PV40','Distribuidora Técnica','2201-5040','contacto@disttecnica.com','Cartago,Costa Rica');
Insert into PROYECTO.PROVEEDORES (ID_PROVEEDOR,NOMBRE,TELEFONO,CORREO,DIRECCION) values ('PV41','Importadora de Repuestos','2201-5041','ventas@imprepuestos.com','San José,Costa Rica');
Insert into PROYECTO.PROVEEDORES (ID_PROVEEDOR,NOMBRE,TELEFONO,CORREO,DIRECCION) values ('PV42','Soluciones para Construcción','2201-5042','info@solucionesconst.com','Heredia,Costa Rica');
Insert into PROYECTO.PROVEEDORES (ID_PROVEEDOR,NOMBRE,TELEFONO,CORREO,DIRECCION) values ('PV43','Grupo Maquinarias CR','2201-5043','ventas@grupomaq.com','Alajuela,Costa Rica');
Insert into PROYECTO.PROVEEDORES (ID_PROVEEDOR,NOMBRE,TELEFONO,CORREO,DIRECCION) values ('PV44','Ferretería del Constructor','2201-5044','contacto@ferreconstructor.com','Cartago,Costa Rica');
Insert into PROYECTO.PROVEEDORES (ID_PROVEEDOR,NOMBRE,TELEFONO,CORREO,DIRECCION) values ('PV45','Servicios Integrales CR','2201-5045','info@servintegrales.com','San José,Costa Rica');
Insert into PROYECTO.PROVEEDORES (ID_PROVEEDOR,NOMBRE,TELEFONO,CORREO,DIRECCION) values ('PV46','Motores y Partes S.A.','2201-5046','ventas@motorespartes.com','Heredia,Costa Rica');
Insert into PROYECTO.PROVEEDORES (ID_PROVEEDOR,NOMBRE,TELEFONO,CORREO,DIRECCION) values ('PV47','Suministros de Ingeniería','2201-5047','contacto@sumingenieria.com','Alajuela,Costa Rica');
Insert into PROYECTO.PROVEEDORES (ID_PROVEEDOR,NOMBRE,TELEFONO,CORREO,DIRECCION) values ('PV48','Equipos de Construcción CR','2201-5048','ventas@equiposconstruccion.com','Cartago,Costa Rica');
Insert into PROYECTO.PROVEEDORES (ID_PROVEEDOR,NOMBRE,TELEFONO,CORREO,DIRECCION) values ('PV49','Distribuciones Nacionales','2201-5049','info@distnacionales.com','San José,Costa Rica');
Insert into PROYECTO.PROVEEDORES (ID_PROVEEDOR,NOMBRE,TELEFONO,CORREO,DIRECCION) values ('PV50','Comercial Industrial CE','2201-5050','ventas@comercialce.com','Heredia,Costa Rica');
REM INSERTING into PROYECTO.PROYECTO
SET DEFINE OFF;
Insert into PROYECTO.PROYECTO (ID_PROYECTO,NOMBRE_PROYECTO,UBICACION,FECHA_INICIO,FECHA_FIN,ESTADO,ID_CLIENTE) values ('P01','Apartamentos villas del sol ','San Pedro',to_date('10/02/26','DD/MM/RR'),to_date('25/04/28','DD/MM/RR'),'Activo','C01');
Insert into PROYECTO.PROYECTO (ID_PROYECTO,NOMBRE_PROYECTO,UBICACION,FECHA_INICIO,FECHA_FIN,ESTADO,ID_CLIENTE) values ('P02','Condominio Monte Verde','Curridabat',to_date('15/03/26','DD/MM/RR'),to_date('20/08/27','DD/MM/RR'),'Activo','C02');
Insert into PROYECTO.PROYECTO (ID_PROYECTO,NOMBRE_PROYECTO,UBICACION,FECHA_INICIO,FECHA_FIN,ESTADO,ID_CLIENTE) values ('P03','Residencial El Roble','Cartago',to_date('01/04/26','DD/MM/RR'),to_date('15/10/27','DD/MM/RR'),'Activo','C03');
Insert into PROYECTO.PROYECTO (ID_PROYECTO,NOMBRE_PROYECTO,UBICACION,FECHA_INICIO,FECHA_FIN,ESTADO,ID_CLIENTE) values ('P04','Centro Comercial Plaza Real','Heredia',to_date('10/05/26','DD/MM/RR'),to_date('30/12/27','DD/MM/RR'),'Activo','C04');
Insert into PROYECTO.PROYECTO (ID_PROYECTO,NOMBRE_PROYECTO,UBICACION,FECHA_INICIO,FECHA_FIN,ESTADO,ID_CLIENTE) values ('P05','Urbanización Los Pinos','Alajuela',to_date('20/06/26','DD/MM/RR'),to_date('15/01/28','DD/MM/RR'),'Activo','C05');
Insert into PROYECTO.PROYECTO (ID_PROYECTO,NOMBRE_PROYECTO,UBICACION,FECHA_INICIO,FECHA_FIN,ESTADO,ID_CLIENTE) values ('P06','Bodega Industrial Norte','San Carlos',to_date('05/07/26','DD/MM/RR'),to_date('10/11/27','DD/MM/RR'),'Activo','C06');
Insert into PROYECTO.PROYECTO (ID_PROYECTO,NOMBRE_PROYECTO,UBICACION,FECHA_INICIO,FECHA_FIN,ESTADO,ID_CLIENTE) values ('P07','Condominio Vista Hermosa','Escazú',to_date('12/08/26','DD/MM/RR'),to_date('20/02/28','DD/MM/RR'),'Activo','C07');
Insert into PROYECTO.PROYECTO (ID_PROYECTO,NOMBRE_PROYECTO,UBICACION,FECHA_INICIO,FECHA_FIN,ESTADO,ID_CLIENTE) values ('P08','Plaza Comercial Central','Desamparados',to_date('01/09/26','DD/MM/RR'),to_date('15/06/28','DD/MM/RR'),'Activo','C08');
Insert into PROYECTO.PROYECTO (ID_PROYECTO,NOMBRE_PROYECTO,UBICACION,FECHA_INICIO,FECHA_FIN,ESTADO,ID_CLIENTE) values ('P09','Residencial Los Laureles','Heredia',to_date('15/10/26','DD/MM/RR'),to_date('30/08/28','DD/MM/RR'),'Activo','C09');
Insert into PROYECTO.PROYECTO (ID_PROYECTO,NOMBRE_PROYECTO,UBICACION,FECHA_INICIO,FECHA_FIN,ESTADO,ID_CLIENTE) values ('P10','Parque Empresarial del Este','Curridabat',to_date('01/11/26','DD/MM/RR'),to_date('15/12/28','DD/MM/RR'),'Activo','C10');
Insert into PROYECTO.PROYECTO (ID_PROYECTO,NOMBRE_PROYECTO,UBICACION,FECHA_INICIO,FECHA_FIN,ESTADO,ID_CLIENTE) values ('P11','Condominio Los Cedros','Moravia',to_date('10/01/27','DD/MM/RR'),to_date('20/05/28','DD/MM/RR'),'Planificado','C11');
Insert into PROYECTO.PROYECTO (ID_PROYECTO,NOMBRE_PROYECTO,UBICACION,FECHA_INICIO,FECHA_FIN,ESTADO,ID_CLIENTE) values ('P12','Residencial Bella Vista','Cartago',to_date('05/02/27','DD/MM/RR'),to_date('30/09/28','DD/MM/RR'),'Planificado','C12');
Insert into PROYECTO.PROYECTO (ID_PROYECTO,NOMBRE_PROYECTO,UBICACION,FECHA_INICIO,FECHA_FIN,ESTADO,ID_CLIENTE) values ('P13','Complejo Habitacional San José','San José',to_date('20/02/27','DD/MM/RR'),to_date('15/11/28','DD/MM/RR'),'Activo','C13');
Insert into PROYECTO.PROYECTO (ID_PROYECTO,NOMBRE_PROYECTO,UBICACION,FECHA_INICIO,FECHA_FIN,ESTADO,ID_CLIENTE) values ('P14','Urbanización Valle Verde','Alajuela',to_date('10/03/27','DD/MM/RR'),to_date('25/12/28','DD/MM/RR'),'Activo','C14');
Insert into PROYECTO.PROYECTO (ID_PROYECTO,NOMBRE_PROYECTO,UBICACION,FECHA_INICIO,FECHA_FIN,ESTADO,ID_CLIENTE) values ('P15','Centro Logístico Occidente','Grecia',to_date('01/04/27','DD/MM/RR'),to_date('10/10/28','DD/MM/RR'),'Activo','C15');
Insert into PROYECTO.PROYECTO (ID_PROYECTO,NOMBRE_PROYECTO,UBICACION,FECHA_INICIO,FECHA_FIN,ESTADO,ID_CLIENTE) values ('P16','Residencial Las Flores','Heredia',to_date('15/04/27','DD/MM/RR'),to_date('20/01/29','DD/MM/RR'),'Activo','C16');
Insert into PROYECTO.PROYECTO (ID_PROYECTO,NOMBRE_PROYECTO,UBICACION,FECHA_INICIO,FECHA_FIN,ESTADO,ID_CLIENTE) values ('P17','Condominio Terra Nova','Escazú',to_date('01/05/27','DD/MM/RR'),to_date('15/03/29','DD/MM/RR'),'Planificado','C17');
Insert into PROYECTO.PROYECTO (ID_PROYECTO,NOMBRE_PROYECTO,UBICACION,FECHA_INICIO,FECHA_FIN,ESTADO,ID_CLIENTE) values ('P18','Plaza Empresarial Cartago','Cartago',to_date('20/05/27','DD/MM/RR'),to_date('30/06/29','DD/MM/RR'),'Activo','C18');
Insert into PROYECTO.PROYECTO (ID_PROYECTO,NOMBRE_PROYECTO,UBICACION,FECHA_INICIO,FECHA_FIN,ESTADO,ID_CLIENTE) values ('P19','Parque Industrial Central','San José',to_date('01/06/27','DD/MM/RR'),to_date('15/08/29','DD/MM/RR'),'Activo','C19');
Insert into PROYECTO.PROYECTO (ID_PROYECTO,NOMBRE_PROYECTO,UBICACION,FECHA_INICIO,FECHA_FIN,ESTADO,ID_CLIENTE) values ('P20','Residencial El Encanto','Tres Ríos',to_date('15/06/27','DD/MM/RR'),to_date('30/09/29','DD/MM/RR'),'Activo','C20');
Insert into PROYECTO.PROYECTO (ID_PROYECTO,NOMBRE_PROYECTO,UBICACION,FECHA_INICIO,FECHA_FIN,ESTADO,ID_CLIENTE) values ('P21','Condominio Los Arcos','Santa Ana',to_date('01/07/27','DD/MM/RR'),to_date('15/10/29','DD/MM/RR'),'Planificado','C21');
Insert into PROYECTO.PROYECTO (ID_PROYECTO,NOMBRE_PROYECTO,UBICACION,FECHA_INICIO,FECHA_FIN,ESTADO,ID_CLIENTE) values ('P22','Residencial Mirador del Valle','Heredia',to_date('15/07/27','DD/MM/RR'),to_date('30/11/29','DD/MM/RR'),'Activo','C22');
Insert into PROYECTO.PROYECTO (ID_PROYECTO,NOMBRE_PROYECTO,UBICACION,FECHA_INICIO,FECHA_FIN,ESTADO,ID_CLIENTE) values ('P23','Complejo Comercial Alajuela','Alajuela',to_date('01/08/27','DD/MM/RR'),to_date('20/12/29','DD/MM/RR'),'Activo','C23');
Insert into PROYECTO.PROYECTO (ID_PROYECTO,NOMBRE_PROYECTO,UBICACION,FECHA_INICIO,FECHA_FIN,ESTADO,ID_CLIENTE) values ('P24','Urbanización Las Brisas','Cartago',to_date('20/08/27','DD/MM/RR'),to_date('15/01/30','DD/MM/RR'),'Activo','C24');
Insert into PROYECTO.PROYECTO (ID_PROYECTO,NOMBRE_PROYECTO,UBICACION,FECHA_INICIO,FECHA_FIN,ESTADO,ID_CLIENTE) values ('P25','Condominio Jardines del Sol','Curridabat',to_date('01/09/27','DD/MM/RR'),to_date('30/03/30','DD/MM/RR'),'Activo','C25');
Insert into PROYECTO.PROYECTO (ID_PROYECTO,NOMBRE_PROYECTO,UBICACION,FECHA_INICIO,FECHA_FIN,ESTADO,ID_CLIENTE) values ('P26','Parque Empresarial Heredia','Heredia',to_date('15/09/27','DD/MM/RR'),to_date('20/05/30','DD/MM/RR'),'Activo','C26');
Insert into PROYECTO.PROYECTO (ID_PROYECTO,NOMBRE_PROYECTO,UBICACION,FECHA_INICIO,FECHA_FIN,ESTADO,ID_CLIENTE) values ('P27','Centro Comercial del Norte','San Carlos',to_date('01/10/27','DD/MM/RR'),to_date('30/06/30','DD/MM/RR'),'Planificado','C27');
Insert into PROYECTO.PROYECTO (ID_PROYECTO,NOMBRE_PROYECTO,UBICACION,FECHA_INICIO,FECHA_FIN,ESTADO,ID_CLIENTE) values ('P28','Residencial Los Cerezos','Cartago',to_date('15/10/27','DD/MM/RR'),to_date('15/08/30','DD/MM/RR'),'Activo','C28');
Insert into PROYECTO.PROYECTO (ID_PROYECTO,NOMBRE_PROYECTO,UBICACION,FECHA_INICIO,FECHA_FIN,ESTADO,ID_CLIENTE) values ('P29','Condominio Vista del Este','Moravia',to_date('01/11/27','DD/MM/RR'),to_date('30/09/30','DD/MM/RR'),'Activo','C29');
Insert into PROYECTO.PROYECTO (ID_PROYECTO,NOMBRE_PROYECTO,UBICACION,FECHA_INICIO,FECHA_FIN,ESTADO,ID_CLIENTE) values ('P30','Urbanización Los Almendros','Alajuela',to_date('20/11/27','DD/MM/RR'),to_date('15/10/30','DD/MM/RR'),'Activo','C30');
Insert into PROYECTO.PROYECTO (ID_PROYECTO,NOMBRE_PROYECTO,UBICACION,FECHA_INICIO,FECHA_FIN,ESTADO,ID_CLIENTE) values ('P31','Parque Industrial Guanacaste','Liberia',to_date('01/12/27','DD/MM/RR'),to_date('20/11/30','DD/MM/RR'),'Planificado','C31');
Insert into PROYECTO.PROYECTO (ID_PROYECTO,NOMBRE_PROYECTO,UBICACION,FECHA_INICIO,FECHA_FIN,ESTADO,ID_CLIENTE) values ('P32','Residencial El Bosque','Heredia',to_date('15/12/27','DD/MM/RR'),to_date('30/12/30','DD/MM/RR'),'Activo','C32');
Insert into PROYECTO.PROYECTO (ID_PROYECTO,NOMBRE_PROYECTO,UBICACION,FECHA_INICIO,FECHA_FIN,ESTADO,ID_CLIENTE) values ('P33','Centro Empresarial del Pacífico','Puntarenas',to_date('10/01/28','DD/MM/RR'),to_date('15/02/31','DD/MM/RR'),'Activo','C33');
Insert into PROYECTO.PROYECTO (ID_PROYECTO,NOMBRE_PROYECTO,UBICACION,FECHA_INICIO,FECHA_FIN,ESTADO,ID_CLIENTE) values ('P34','Condominio Las Palmas','Escazú',to_date('01/02/28','DD/MM/RR'),to_date('30/03/31','DD/MM/RR'),'Activo','C34');
Insert into PROYECTO.PROYECTO (ID_PROYECTO,NOMBRE_PROYECTO,UBICACION,FECHA_INICIO,FECHA_FIN,ESTADO,ID_CLIENTE) values ('P35','Urbanización Vista Azul','Cartago',to_date('15/02/28','DD/MM/RR'),to_date('15/04/31','DD/MM/RR'),'Activo','C35');
Insert into PROYECTO.PROYECTO (ID_PROYECTO,NOMBRE_PROYECTO,UBICACION,FECHA_INICIO,FECHA_FIN,ESTADO,ID_CLIENTE) values ('P36','Residencial Los Robles','San José',to_date('01/03/28','DD/MM/RR'),to_date('30/05/31','DD/MM/RR'),'Planificado','C36');
Insert into PROYECTO.PROYECTO (ID_PROYECTO,NOMBRE_PROYECTO,UBICACION,FECHA_INICIO,FECHA_FIN,ESTADO,ID_CLIENTE) values ('P37','Parque Comercial del Valle','Heredia',to_date('20/03/28','DD/MM/RR'),to_date('15/07/31','DD/MM/RR'),'Activo','C37');
Insert into PROYECTO.PROYECTO (ID_PROYECTO,NOMBRE_PROYECTO,UBICACION,FECHA_INICIO,FECHA_FIN,ESTADO,ID_CLIENTE) values ('P38','Condominio Los Laureles','Curridabat',to_date('01/04/28','DD/MM/RR'),to_date('30/08/31','DD/MM/RR'),'Activo','C38');
Insert into PROYECTO.PROYECTO (ID_PROYECTO,NOMBRE_PROYECTO,UBICACION,FECHA_INICIO,FECHA_FIN,ESTADO,ID_CLIENTE) values ('P39','Complejo Habitacional Oeste','Santa Ana',to_date('15/04/28','DD/MM/RR'),to_date('15/09/31','DD/MM/RR'),'Activo','C39');
Insert into PROYECTO.PROYECTO (ID_PROYECTO,NOMBRE_PROYECTO,UBICACION,FECHA_INICIO,FECHA_FIN,ESTADO,ID_CLIENTE) values ('P40','Urbanización El Mirador','Alajuela',to_date('01/05/28','DD/MM/RR'),to_date('30/10/31','DD/MM/RR'),'Activo','C40');
Insert into PROYECTO.PROYECTO (ID_PROYECTO,NOMBRE_PROYECTO,UBICACION,FECHA_INICIO,FECHA_FIN,ESTADO,ID_CLIENTE) values ('P41','Centro Logístico Nacional','Cartago',to_date('15/05/28','DD/MM/RR'),to_date('15/12/31','DD/MM/RR'),'Planificado','C41');
Insert into PROYECTO.PROYECTO (ID_PROYECTO,NOMBRE_PROYECTO,UBICACION,FECHA_INICIO,FECHA_FIN,ESTADO,ID_CLIENTE) values ('P42','Residencial Monte Claro','Heredia',to_date('01/06/28','DD/MM/RR'),to_date('30/01/32','DD/MM/RR'),'Activo','C42');
Insert into PROYECTO.PROYECTO (ID_PROYECTO,NOMBRE_PROYECTO,UBICACION,FECHA_INICIO,FECHA_FIN,ESTADO,ID_CLIENTE) values ('P43','Condominio Valle Dorado','Escazú',to_date('15/06/28','DD/MM/RR'),to_date('15/03/32','DD/MM/RR'),'Activo','C43');
Insert into PROYECTO.PROYECTO (ID_PROYECTO,NOMBRE_PROYECTO,UBICACION,FECHA_INICIO,FECHA_FIN,ESTADO,ID_CLIENTE) values ('P44','Parque Empresarial del Sur','Desamparados',to_date('01/07/28','DD/MM/RR'),to_date('30/04/32','DD/MM/RR'),'Activo','C44');
Insert into PROYECTO.PROYECTO (ID_PROYECTO,NOMBRE_PROYECTO,UBICACION,FECHA_INICIO,FECHA_FIN,ESTADO,ID_CLIENTE) values ('P45','Urbanización Los Girasoles','Cartago',to_date('15/07/28','DD/MM/RR'),to_date('15/06/32','DD/MM/RR'),'Activo','C45');
Insert into PROYECTO.PROYECTO (ID_PROYECTO,NOMBRE_PROYECTO,UBICACION,FECHA_INICIO,FECHA_FIN,ESTADO,ID_CLIENTE) values ('P46','Centro Comercial Plaza del Sol','Alajuela',to_date('01/08/28','DD/MM/RR'),to_date('30/08/32','DD/MM/RR'),'Activo','C46');
Insert into PROYECTO.PROYECTO (ID_PROYECTO,NOMBRE_PROYECTO,UBICACION,FECHA_INICIO,FECHA_FIN,ESTADO,ID_CLIENTE) values ('P47','Condominio Bosques del Este','Curridabat',to_date('15/08/28','DD/MM/RR'),to_date('15/09/32','DD/MM/RR'),'Planificado','C47');
Insert into PROYECTO.PROYECTO (ID_PROYECTO,NOMBRE_PROYECTO,UBICACION,FECHA_INICIO,FECHA_FIN,ESTADO,ID_CLIENTE) values ('P48','Residencial Los Álamos','Heredia',to_date('01/09/28','DD/MM/RR'),to_date('30/10/32','DD/MM/RR'),'Activo','C48');
Insert into PROYECTO.PROYECTO (ID_PROYECTO,NOMBRE_PROYECTO,UBICACION,FECHA_INICIO,FECHA_FIN,ESTADO,ID_CLIENTE) values ('P49','Parque Industrial del Caribe','Limón',to_date('15/09/28','DD/MM/RR'),to_date('15/11/32','DD/MM/RR'),'Activo','C49');
Insert into PROYECTO.PROYECTO (ID_PROYECTO,NOMBRE_PROYECTO,UBICACION,FECHA_INICIO,FECHA_FIN,ESTADO,ID_CLIENTE) values ('P50','Urbanización Nuevo Horizonte','Cartago',to_date('01/10/28','DD/MM/RR'),to_date('30/12/32','DD/MM/RR'),'Activo','C50');
--------------------------------------------------------
--  DDL for Index PK_ASIGNACION_MAQUINARIA
--------------------------------------------------------

  CREATE UNIQUE INDEX "PROYECTO"."PK_ASIGNACION_MAQUINARIA" ON "PROYECTO"."ASIGNACION_MAQUINARIA" ("ID_ASIG_MAQUINARIA") 
  PCTFREE 10 INITRANS 20 MAXTRANS 255 COMPUTE STATISTICS 
  STORAGE(INITIAL 65536 NEXT 1048576 MINEXTENTS 1 MAXEXTENTS 2147483645
  PCTINCREASE 0 FREELISTS 1 FREELIST GROUPS 1
  BUFFER_POOL DEFAULT FLASH_CACHE DEFAULT CELL_FLASH_CACHE DEFAULT)
  TABLESPACE "DATA" ;
--------------------------------------------------------
--  DDL for Index PK_ASIGNACION_PROYECTO
--------------------------------------------------------

  CREATE UNIQUE INDEX "PROYECTO"."PK_ASIGNACION_PROYECTO" ON "PROYECTO"."ASIGNACION_PROYECTO" ("ID_ASIG_PROYECTO") 
  PCTFREE 10 INITRANS 20 MAXTRANS 255 COMPUTE STATISTICS 
  STORAGE(INITIAL 65536 NEXT 1048576 MINEXTENTS 1 MAXEXTENTS 2147483645
  PCTINCREASE 0 FREELISTS 1 FREELIST GROUPS 1
  BUFFER_POOL DEFAULT FLASH_CACHE DEFAULT CELL_FLASH_CACHE DEFAULT)
  TABLESPACE "DATA" ;
--------------------------------------------------------
--  DDL for Index PK_CLIENTES
--------------------------------------------------------

  CREATE UNIQUE INDEX "PROYECTO"."PK_CLIENTES" ON "PROYECTO"."CLIENTES" ("ID_CLIENTE") 
  PCTFREE 10 INITRANS 20 MAXTRANS 255 COMPUTE STATISTICS 
  STORAGE(INITIAL 65536 NEXT 1048576 MINEXTENTS 1 MAXEXTENTS 2147483645
  PCTINCREASE 0 FREELISTS 1 FREELIST GROUPS 1
  BUFFER_POOL DEFAULT FLASH_CACHE DEFAULT CELL_FLASH_CACHE DEFAULT)
  TABLESPACE "DATA" ;
--------------------------------------------------------
--  DDL for Index PK_CONTROL_COMBUSTIBLE
--------------------------------------------------------

  CREATE UNIQUE INDEX "PROYECTO"."PK_CONTROL_COMBUSTIBLE" ON "PROYECTO"."CONTROL_COMBUSTIBLE" ("ID_CONTROL_COMBUSTIBLE") 
  PCTFREE 10 INITRANS 20 MAXTRANS 255 COMPUTE STATISTICS 
  STORAGE(INITIAL 65536 NEXT 1048576 MINEXTENTS 1 MAXEXTENTS 2147483645
  PCTINCREASE 0 FREELISTS 1 FREELIST GROUPS 1
  BUFFER_POOL DEFAULT FLASH_CACHE DEFAULT CELL_FLASH_CACHE DEFAULT)
  TABLESPACE "DATA" ;
--------------------------------------------------------
--  DDL for Index PK_DETALLE_ORDEN
--------------------------------------------------------

  CREATE UNIQUE INDEX "PROYECTO"."PK_DETALLE_ORDEN" ON "PROYECTO"."DETALLE_ORDEN_COMPRA" ("ID_DETALLE_ORDEN_COMPRA") 
  PCTFREE 10 INITRANS 20 MAXTRANS 255 COMPUTE STATISTICS 
  STORAGE(INITIAL 65536 NEXT 1048576 MINEXTENTS 1 MAXEXTENTS 2147483645
  PCTINCREASE 0 FREELISTS 1 FREELIST GROUPS 1
  BUFFER_POOL DEFAULT FLASH_CACHE DEFAULT CELL_FLASH_CACHE DEFAULT)
  TABLESPACE "DATA" ;
--------------------------------------------------------
--  DDL for Index PK_EMPLEADOS
--------------------------------------------------------

  CREATE UNIQUE INDEX "PROYECTO"."PK_EMPLEADOS" ON "PROYECTO"."EMPLEADOS" ("ID_EMPLEADO") 
  PCTFREE 10 INITRANS 20 MAXTRANS 255 COMPUTE STATISTICS 
  STORAGE(INITIAL 65536 NEXT 1048576 MINEXTENTS 1 MAXEXTENTS 2147483645
  PCTINCREASE 0 FREELISTS 1 FREELIST GROUPS 1
  BUFFER_POOL DEFAULT FLASH_CACHE DEFAULT CELL_FLASH_CACHE DEFAULT)
  TABLESPACE "DATA" ;
--------------------------------------------------------
--  DDL for Index PK_INVENTARIO
--------------------------------------------------------

  CREATE UNIQUE INDEX "PROYECTO"."PK_INVENTARIO" ON "PROYECTO"."INVENTARIO" ("ID_MATERIAL") 
  PCTFREE 10 INITRANS 20 MAXTRANS 255 COMPUTE STATISTICS 
  STORAGE(INITIAL 65536 NEXT 1048576 MINEXTENTS 1 MAXEXTENTS 2147483645
  PCTINCREASE 0 FREELISTS 1 FREELIST GROUPS 1
  BUFFER_POOL DEFAULT FLASH_CACHE DEFAULT CELL_FLASH_CACHE DEFAULT)
  TABLESPACE "DATA" ;
--------------------------------------------------------
--  DDL for Index PK_MAQUINARIA
--------------------------------------------------------

  CREATE UNIQUE INDEX "PROYECTO"."PK_MAQUINARIA" ON "PROYECTO"."MAQUINARIA" ("ID_MAQUINARIA") 
  PCTFREE 10 INITRANS 20 MAXTRANS 255 COMPUTE STATISTICS 
  STORAGE(INITIAL 65536 NEXT 1048576 MINEXTENTS 1 MAXEXTENTS 2147483645
  PCTINCREASE 0 FREELISTS 1 FREELIST GROUPS 1
  BUFFER_POOL DEFAULT FLASH_CACHE DEFAULT CELL_FLASH_CACHE DEFAULT)
  TABLESPACE "DATA" ;
--------------------------------------------------------
--  DDL for Index PK_ORDENES_COMPRA
--------------------------------------------------------

  CREATE UNIQUE INDEX "PROYECTO"."PK_ORDENES_COMPRA" ON "PROYECTO"."ORDENES_COMPRA" ("ID_ORDEN_COMPRA") 
  PCTFREE 10 INITRANS 20 MAXTRANS 255 COMPUTE STATISTICS 
  STORAGE(INITIAL 65536 NEXT 1048576 MINEXTENTS 1 MAXEXTENTS 2147483645
  PCTINCREASE 0 FREELISTS 1 FREELIST GROUPS 1
  BUFFER_POOL DEFAULT FLASH_CACHE DEFAULT CELL_FLASH_CACHE DEFAULT)
  TABLESPACE "DATA" ;
--------------------------------------------------------
--  DDL for Index PK_PROVEEDORES
--------------------------------------------------------

  CREATE UNIQUE INDEX "PROYECTO"."PK_PROVEEDORES" ON "PROYECTO"."PROVEEDORES" ("ID_PROVEEDOR") 
  PCTFREE 10 INITRANS 20 MAXTRANS 255 COMPUTE STATISTICS 
  STORAGE(INITIAL 65536 NEXT 1048576 MINEXTENTS 1 MAXEXTENTS 2147483645
  PCTINCREASE 0 FREELISTS 1 FREELIST GROUPS 1
  BUFFER_POOL DEFAULT FLASH_CACHE DEFAULT CELL_FLASH_CACHE DEFAULT)
  TABLESPACE "DATA" ;
--------------------------------------------------------
--  DDL for Index PK_PROYECTO
--------------------------------------------------------

  CREATE UNIQUE INDEX "PROYECTO"."PK_PROYECTO" ON "PROYECTO"."PROYECTO" ("ID_PROYECTO") 
  PCTFREE 10 INITRANS 20 MAXTRANS 255 COMPUTE STATISTICS 
  STORAGE(INITIAL 65536 NEXT 1048576 MINEXTENTS 1 MAXEXTENTS 2147483645
  PCTINCREASE 0 FREELISTS 1 FREELIST GROUPS 1
  BUFFER_POOL DEFAULT FLASH_CACHE DEFAULT CELL_FLASH_CACHE DEFAULT)
  TABLESPACE "DATA" ;
--------------------------------------------------------
--  DDL for Index SYS_C0030772
--------------------------------------------------------

  CREATE UNIQUE INDEX "PROYECTO"."SYS_C0030772" ON "PROYECTO"."MAQUINARIA" ("PLACA") 
  PCTFREE 10 INITRANS 20 MAXTRANS 255 COMPUTE STATISTICS 
  STORAGE(INITIAL 65536 NEXT 1048576 MINEXTENTS 1 MAXEXTENTS 2147483645
  PCTINCREASE 0 FREELISTS 1 FREELIST GROUPS 1
  BUFFER_POOL DEFAULT FLASH_CACHE DEFAULT CELL_FLASH_CACHE DEFAULT)
  TABLESPACE "DATA" ;
--------------------------------------------------------
--  DDL for Index UQ_EMPLEADOS_CEDULA
--------------------------------------------------------

  CREATE UNIQUE INDEX "PROYECTO"."UQ_EMPLEADOS_CEDULA" ON "PROYECTO"."EMPLEADOS" ("CEDULA") 
  PCTFREE 10 INITRANS 20 MAXTRANS 255 COMPUTE STATISTICS 
  STORAGE(INITIAL 65536 NEXT 1048576 MINEXTENTS 1 MAXEXTENTS 2147483645
  PCTINCREASE 0 FREELISTS 1 FREELIST GROUPS 1
  BUFFER_POOL DEFAULT FLASH_CACHE DEFAULT CELL_FLASH_CACHE DEFAULT)
  TABLESPACE "DATA" ;
--------------------------------------------------------
--  DDL for Index PK_ASIGNACION_MAQUINARIA
--------------------------------------------------------

  CREATE UNIQUE INDEX "PROYECTO"."PK_ASIGNACION_MAQUINARIA" ON "PROYECTO"."ASIGNACION_MAQUINARIA" ("ID_ASIG_MAQUINARIA") 
  PCTFREE 10 INITRANS 20 MAXTRANS 255 COMPUTE STATISTICS 
  STORAGE(INITIAL 65536 NEXT 1048576 MINEXTENTS 1 MAXEXTENTS 2147483645
  PCTINCREASE 0 FREELISTS 1 FREELIST GROUPS 1
  BUFFER_POOL DEFAULT FLASH_CACHE DEFAULT CELL_FLASH_CACHE DEFAULT)
  TABLESPACE "DATA" ;
--------------------------------------------------------
--  DDL for Index PK_ASIGNACION_PROYECTO
--------------------------------------------------------

  CREATE UNIQUE INDEX "PROYECTO"."PK_ASIGNACION_PROYECTO" ON "PROYECTO"."ASIGNACION_PROYECTO" ("ID_ASIG_PROYECTO") 
  PCTFREE 10 INITRANS 20 MAXTRANS 255 COMPUTE STATISTICS 
  STORAGE(INITIAL 65536 NEXT 1048576 MINEXTENTS 1 MAXEXTENTS 2147483645
  PCTINCREASE 0 FREELISTS 1 FREELIST GROUPS 1
  BUFFER_POOL DEFAULT FLASH_CACHE DEFAULT CELL_FLASH_CACHE DEFAULT)
  TABLESPACE "DATA" ;
--------------------------------------------------------
--  DDL for Index PK_CLIENTES
--------------------------------------------------------

  CREATE UNIQUE INDEX "PROYECTO"."PK_CLIENTES" ON "PROYECTO"."CLIENTES" ("ID_CLIENTE") 
  PCTFREE 10 INITRANS 20 MAXTRANS 255 COMPUTE STATISTICS 
  STORAGE(INITIAL 65536 NEXT 1048576 MINEXTENTS 1 MAXEXTENTS 2147483645
  PCTINCREASE 0 FREELISTS 1 FREELIST GROUPS 1
  BUFFER_POOL DEFAULT FLASH_CACHE DEFAULT CELL_FLASH_CACHE DEFAULT)
  TABLESPACE "DATA" ;
--------------------------------------------------------
--  DDL for Index PK_CONTROL_COMBUSTIBLE
--------------------------------------------------------

  CREATE UNIQUE INDEX "PROYECTO"."PK_CONTROL_COMBUSTIBLE" ON "PROYECTO"."CONTROL_COMBUSTIBLE" ("ID_CONTROL_COMBUSTIBLE") 
  PCTFREE 10 INITRANS 20 MAXTRANS 255 COMPUTE STATISTICS 
  STORAGE(INITIAL 65536 NEXT 1048576 MINEXTENTS 1 MAXEXTENTS 2147483645
  PCTINCREASE 0 FREELISTS 1 FREELIST GROUPS 1
  BUFFER_POOL DEFAULT FLASH_CACHE DEFAULT CELL_FLASH_CACHE DEFAULT)
  TABLESPACE "DATA" ;
--------------------------------------------------------
--  DDL for Index PK_DETALLE_ORDEN
--------------------------------------------------------

  CREATE UNIQUE INDEX "PROYECTO"."PK_DETALLE_ORDEN" ON "PROYECTO"."DETALLE_ORDEN_COMPRA" ("ID_DETALLE_ORDEN_COMPRA") 
  PCTFREE 10 INITRANS 20 MAXTRANS 255 COMPUTE STATISTICS 
  STORAGE(INITIAL 65536 NEXT 1048576 MINEXTENTS 1 MAXEXTENTS 2147483645
  PCTINCREASE 0 FREELISTS 1 FREELIST GROUPS 1
  BUFFER_POOL DEFAULT FLASH_CACHE DEFAULT CELL_FLASH_CACHE DEFAULT)
  TABLESPACE "DATA" ;
--------------------------------------------------------
--  DDL for Index UQ_EMPLEADOS_CEDULA
--------------------------------------------------------

  CREATE UNIQUE INDEX "PROYECTO"."UQ_EMPLEADOS_CEDULA" ON "PROYECTO"."EMPLEADOS" ("CEDULA") 
  PCTFREE 10 INITRANS 20 MAXTRANS 255 COMPUTE STATISTICS 
  STORAGE(INITIAL 65536 NEXT 1048576 MINEXTENTS 1 MAXEXTENTS 2147483645
  PCTINCREASE 0 FREELISTS 1 FREELIST GROUPS 1
  BUFFER_POOL DEFAULT FLASH_CACHE DEFAULT CELL_FLASH_CACHE DEFAULT)
  TABLESPACE "DATA" ;
--------------------------------------------------------
--  DDL for Index PK_EMPLEADOS
--------------------------------------------------------

  CREATE UNIQUE INDEX "PROYECTO"."PK_EMPLEADOS" ON "PROYECTO"."EMPLEADOS" ("ID_EMPLEADO") 
  PCTFREE 10 INITRANS 20 MAXTRANS 255 COMPUTE STATISTICS 
  STORAGE(INITIAL 65536 NEXT 1048576 MINEXTENTS 1 MAXEXTENTS 2147483645
  PCTINCREASE 0 FREELISTS 1 FREELIST GROUPS 1
  BUFFER_POOL DEFAULT FLASH_CACHE DEFAULT CELL_FLASH_CACHE DEFAULT)
  TABLESPACE "DATA" ;
--------------------------------------------------------
--  DDL for Index PK_INVENTARIO
--------------------------------------------------------

  CREATE UNIQUE INDEX "PROYECTO"."PK_INVENTARIO" ON "PROYECTO"."INVENTARIO" ("ID_MATERIAL") 
  PCTFREE 10 INITRANS 20 MAXTRANS 255 COMPUTE STATISTICS 
  STORAGE(INITIAL 65536 NEXT 1048576 MINEXTENTS 1 MAXEXTENTS 2147483645
  PCTINCREASE 0 FREELISTS 1 FREELIST GROUPS 1
  BUFFER_POOL DEFAULT FLASH_CACHE DEFAULT CELL_FLASH_CACHE DEFAULT)
  TABLESPACE "DATA" ;
--------------------------------------------------------
--  DDL for Index PK_MAQUINARIA
--------------------------------------------------------

  CREATE UNIQUE INDEX "PROYECTO"."PK_MAQUINARIA" ON "PROYECTO"."MAQUINARIA" ("ID_MAQUINARIA") 
  PCTFREE 10 INITRANS 20 MAXTRANS 255 COMPUTE STATISTICS 
  STORAGE(INITIAL 65536 NEXT 1048576 MINEXTENTS 1 MAXEXTENTS 2147483645
  PCTINCREASE 0 FREELISTS 1 FREELIST GROUPS 1
  BUFFER_POOL DEFAULT FLASH_CACHE DEFAULT CELL_FLASH_CACHE DEFAULT)
  TABLESPACE "DATA" ;
--------------------------------------------------------
--  DDL for Index SYS_C0030772
--------------------------------------------------------

  CREATE UNIQUE INDEX "PROYECTO"."SYS_C0030772" ON "PROYECTO"."MAQUINARIA" ("PLACA") 
  PCTFREE 10 INITRANS 20 MAXTRANS 255 COMPUTE STATISTICS 
  STORAGE(INITIAL 65536 NEXT 1048576 MINEXTENTS 1 MAXEXTENTS 2147483645
  PCTINCREASE 0 FREELISTS 1 FREELIST GROUPS 1
  BUFFER_POOL DEFAULT FLASH_CACHE DEFAULT CELL_FLASH_CACHE DEFAULT)
  TABLESPACE "DATA" ;
--------------------------------------------------------
--  DDL for Index PK_ORDENES_COMPRA
--------------------------------------------------------

  CREATE UNIQUE INDEX "PROYECTO"."PK_ORDENES_COMPRA" ON "PROYECTO"."ORDENES_COMPRA" ("ID_ORDEN_COMPRA") 
  PCTFREE 10 INITRANS 20 MAXTRANS 255 COMPUTE STATISTICS 
  STORAGE(INITIAL 65536 NEXT 1048576 MINEXTENTS 1 MAXEXTENTS 2147483645
  PCTINCREASE 0 FREELISTS 1 FREELIST GROUPS 1
  BUFFER_POOL DEFAULT FLASH_CACHE DEFAULT CELL_FLASH_CACHE DEFAULT)
  TABLESPACE "DATA" ;
--------------------------------------------------------
--  DDL for Index PK_PROVEEDORES
--------------------------------------------------------

  CREATE UNIQUE INDEX "PROYECTO"."PK_PROVEEDORES" ON "PROYECTO"."PROVEEDORES" ("ID_PROVEEDOR") 
  PCTFREE 10 INITRANS 20 MAXTRANS 255 COMPUTE STATISTICS 
  STORAGE(INITIAL 65536 NEXT 1048576 MINEXTENTS 1 MAXEXTENTS 2147483645
  PCTINCREASE 0 FREELISTS 1 FREELIST GROUPS 1
  BUFFER_POOL DEFAULT FLASH_CACHE DEFAULT CELL_FLASH_CACHE DEFAULT)
  TABLESPACE "DATA" ;
--------------------------------------------------------
--  DDL for Index PK_PROYECTO
--------------------------------------------------------

  CREATE UNIQUE INDEX "PROYECTO"."PK_PROYECTO" ON "PROYECTO"."PROYECTO" ("ID_PROYECTO") 
  PCTFREE 10 INITRANS 20 MAXTRANS 255 COMPUTE STATISTICS 
  STORAGE(INITIAL 65536 NEXT 1048576 MINEXTENTS 1 MAXEXTENTS 2147483645
  PCTINCREASE 0 FREELISTS 1 FREELIST GROUPS 1
  BUFFER_POOL DEFAULT FLASH_CACHE DEFAULT CELL_FLASH_CACHE DEFAULT)
  TABLESPACE "DATA" ;
--------------------------------------------------------
--  Constraints for Table ASIGNACION_MAQUINARIA
--------------------------------------------------------

  ALTER TABLE "PROYECTO"."ASIGNACION_MAQUINARIA" MODIFY ("ID_ASIG_MAQUINARIA" NOT NULL ENABLE);
  ALTER TABLE "PROYECTO"."ASIGNACION_MAQUINARIA" MODIFY ("FECHA_INICIO" NOT NULL ENABLE);
  ALTER TABLE "PROYECTO"."ASIGNACION_MAQUINARIA" MODIFY ("ID_MAQUINARIA" NOT NULL ENABLE);
  ALTER TABLE "PROYECTO"."ASIGNACION_MAQUINARIA" MODIFY ("ID_PROYECTO" NOT NULL ENABLE);
  ALTER TABLE "PROYECTO"."ASIGNACION_MAQUINARIA" ADD CONSTRAINT "PK_ASIGNACION_MAQUINARIA" PRIMARY KEY ("ID_ASIG_MAQUINARIA")
  USING INDEX PCTFREE 10 INITRANS 20 MAXTRANS 255 COMPUTE STATISTICS 
  STORAGE(INITIAL 65536 NEXT 1048576 MINEXTENTS 1 MAXEXTENTS 2147483645
  PCTINCREASE 0 FREELISTS 1 FREELIST GROUPS 1
  BUFFER_POOL DEFAULT FLASH_CACHE DEFAULT CELL_FLASH_CACHE DEFAULT)
  TABLESPACE "DATA"  ENABLE;
--------------------------------------------------------
--  Constraints for Table ASIGNACION_PROYECTO
--------------------------------------------------------

  ALTER TABLE "PROYECTO"."ASIGNACION_PROYECTO" MODIFY ("ID_ASIG_PROYECTO" NOT NULL ENABLE);
  ALTER TABLE "PROYECTO"."ASIGNACION_PROYECTO" MODIFY ("FECHA_INICIO" NOT NULL ENABLE);
  ALTER TABLE "PROYECTO"."ASIGNACION_PROYECTO" MODIFY ("ID_EMPLEADO" NOT NULL ENABLE);
  ALTER TABLE "PROYECTO"."ASIGNACION_PROYECTO" MODIFY ("ID_PROYECTO" NOT NULL ENABLE);
  ALTER TABLE "PROYECTO"."ASIGNACION_PROYECTO" ADD CONSTRAINT "PK_ASIGNACION_PROYECTO" PRIMARY KEY ("ID_ASIG_PROYECTO")
  USING INDEX PCTFREE 10 INITRANS 20 MAXTRANS 255 COMPUTE STATISTICS 
  STORAGE(INITIAL 65536 NEXT 1048576 MINEXTENTS 1 MAXEXTENTS 2147483645
  PCTINCREASE 0 FREELISTS 1 FREELIST GROUPS 1
  BUFFER_POOL DEFAULT FLASH_CACHE DEFAULT CELL_FLASH_CACHE DEFAULT)
  TABLESPACE "DATA"  ENABLE;
--------------------------------------------------------
--  Constraints for Table CLIENTES
--------------------------------------------------------

  ALTER TABLE "PROYECTO"."CLIENTES" ADD CONSTRAINT "PK_CLIENTES" PRIMARY KEY ("ID_CLIENTE")
  USING INDEX PCTFREE 10 INITRANS 20 MAXTRANS 255 COMPUTE STATISTICS 
  STORAGE(INITIAL 65536 NEXT 1048576 MINEXTENTS 1 MAXEXTENTS 2147483645
  PCTINCREASE 0 FREELISTS 1 FREELIST GROUPS 1
  BUFFER_POOL DEFAULT FLASH_CACHE DEFAULT CELL_FLASH_CACHE DEFAULT)
  TABLESPACE "DATA"  ENABLE;
  ALTER TABLE "PROYECTO"."CLIENTES" MODIFY ("ID_CLIENTE" NOT NULL ENABLE);
--------------------------------------------------------
--  Constraints for Table CONTROL_COMBUSTIBLE
--------------------------------------------------------

  ALTER TABLE "PROYECTO"."CONTROL_COMBUSTIBLE" MODIFY ("ID_CONTROL_COMBUSTIBLE" NOT NULL ENABLE);
  ALTER TABLE "PROYECTO"."CONTROL_COMBUSTIBLE" MODIFY ("FECHA" NOT NULL ENABLE);
  ALTER TABLE "PROYECTO"."CONTROL_COMBUSTIBLE" MODIFY ("CANTIDAD_LITROS" NOT NULL ENABLE);
  ALTER TABLE "PROYECTO"."CONTROL_COMBUSTIBLE" MODIFY ("COSTO" NOT NULL ENABLE);
  ALTER TABLE "PROYECTO"."CONTROL_COMBUSTIBLE" MODIFY ("ID_MAQUINARIA" NOT NULL ENABLE);
  ALTER TABLE "PROYECTO"."CONTROL_COMBUSTIBLE" MODIFY ("ID_PROYECTO" NOT NULL ENABLE);
  ALTER TABLE "PROYECTO"."CONTROL_COMBUSTIBLE" ADD CONSTRAINT "PK_CONTROL_COMBUSTIBLE" PRIMARY KEY ("ID_CONTROL_COMBUSTIBLE")
  USING INDEX PCTFREE 10 INITRANS 20 MAXTRANS 255 COMPUTE STATISTICS 
  STORAGE(INITIAL 65536 NEXT 1048576 MINEXTENTS 1 MAXEXTENTS 2147483645
  PCTINCREASE 0 FREELISTS 1 FREELIST GROUPS 1
  BUFFER_POOL DEFAULT FLASH_CACHE DEFAULT CELL_FLASH_CACHE DEFAULT)
  TABLESPACE "DATA"  ENABLE;
--------------------------------------------------------
--  Constraints for Table DETALLE_ORDEN_COMPRA
--------------------------------------------------------

  ALTER TABLE "PROYECTO"."DETALLE_ORDEN_COMPRA" MODIFY ("CANTIDAD" NOT NULL ENABLE);
  ALTER TABLE "PROYECTO"."DETALLE_ORDEN_COMPRA" MODIFY ("PRECIO_UNITARIO" NOT NULL ENABLE);
  ALTER TABLE "PROYECTO"."DETALLE_ORDEN_COMPRA" MODIFY ("SUBTOTAL" NOT NULL ENABLE);
  ALTER TABLE "PROYECTO"."DETALLE_ORDEN_COMPRA" MODIFY ("ID_ORDEN_COMPRA" NOT NULL ENABLE);
  ALTER TABLE "PROYECTO"."DETALLE_ORDEN_COMPRA" MODIFY ("ID_MATERIAL" NOT NULL ENABLE);
  ALTER TABLE "PROYECTO"."DETALLE_ORDEN_COMPRA" ADD CONSTRAINT "PK_DETALLE_ORDEN" PRIMARY KEY ("ID_DETALLE_ORDEN_COMPRA")
  USING INDEX PCTFREE 10 INITRANS 20 MAXTRANS 255 COMPUTE STATISTICS 
  STORAGE(INITIAL 65536 NEXT 1048576 MINEXTENTS 1 MAXEXTENTS 2147483645
  PCTINCREASE 0 FREELISTS 1 FREELIST GROUPS 1
  BUFFER_POOL DEFAULT FLASH_CACHE DEFAULT CELL_FLASH_CACHE DEFAULT)
  TABLESPACE "DATA"  ENABLE;
  ALTER TABLE "PROYECTO"."DETALLE_ORDEN_COMPRA" MODIFY ("ID_DETALLE_ORDEN_COMPRA" NOT NULL ENABLE);
--------------------------------------------------------
--  Constraints for Table EMPLEADOS
--------------------------------------------------------

  ALTER TABLE "PROYECTO"."EMPLEADOS" MODIFY ("ID_EMPLEADO" NOT NULL ENABLE);
  ALTER TABLE "PROYECTO"."EMPLEADOS" MODIFY ("NOMBRE" NOT NULL ENABLE);
  ALTER TABLE "PROYECTO"."EMPLEADOS" MODIFY ("CEDULA" NOT NULL ENABLE);
  ALTER TABLE "PROYECTO"."EMPLEADOS" ADD CONSTRAINT "PK_EMPLEADOS" PRIMARY KEY ("ID_EMPLEADO")
  USING INDEX PCTFREE 10 INITRANS 20 MAXTRANS 255 COMPUTE STATISTICS 
  STORAGE(INITIAL 65536 NEXT 1048576 MINEXTENTS 1 MAXEXTENTS 2147483645
  PCTINCREASE 0 FREELISTS 1 FREELIST GROUPS 1
  BUFFER_POOL DEFAULT FLASH_CACHE DEFAULT CELL_FLASH_CACHE DEFAULT)
  TABLESPACE "DATA"  ENABLE;
  ALTER TABLE "PROYECTO"."EMPLEADOS" ADD CONSTRAINT "UQ_EMPLEADOS_CEDULA" UNIQUE ("CEDULA")
  USING INDEX PCTFREE 10 INITRANS 20 MAXTRANS 255 COMPUTE STATISTICS 
  STORAGE(INITIAL 65536 NEXT 1048576 MINEXTENTS 1 MAXEXTENTS 2147483645
  PCTINCREASE 0 FREELISTS 1 FREELIST GROUPS 1
  BUFFER_POOL DEFAULT FLASH_CACHE DEFAULT CELL_FLASH_CACHE DEFAULT)
  TABLESPACE "DATA"  ENABLE;
--------------------------------------------------------
--  Constraints for Table INVENTARIO
--------------------------------------------------------

  ALTER TABLE "PROYECTO"."INVENTARIO" MODIFY ("ID_MATERIAL" NOT NULL ENABLE);
  ALTER TABLE "PROYECTO"."INVENTARIO" MODIFY ("CODIGO_MATERIAL" NOT NULL ENABLE);
  ALTER TABLE "PROYECTO"."INVENTARIO" MODIFY ("NOMBRE_MATERIAL" NOT NULL ENABLE);
  ALTER TABLE "PROYECTO"."INVENTARIO" MODIFY ("UNIDAD_MEDIDA" NOT NULL ENABLE);
  ALTER TABLE "PROYECTO"."INVENTARIO" ADD CONSTRAINT "PK_INVENTARIO" PRIMARY KEY ("ID_MATERIAL")
  USING INDEX PCTFREE 10 INITRANS 20 MAXTRANS 255 COMPUTE STATISTICS 
  STORAGE(INITIAL 65536 NEXT 1048576 MINEXTENTS 1 MAXEXTENTS 2147483645
  PCTINCREASE 0 FREELISTS 1 FREELIST GROUPS 1
  BUFFER_POOL DEFAULT FLASH_CACHE DEFAULT CELL_FLASH_CACHE DEFAULT)
  TABLESPACE "DATA"  ENABLE;
  ALTER TABLE "PROYECTO"."INVENTARIO" ADD CONSTRAINT "CK_STOCK_ACTUAL" CHECK (stock_actual >= 0) ENABLE;
  ALTER TABLE "PROYECTO"."INVENTARIO" ADD CONSTRAINT "CK_STOCK_MINIMO" CHECK (stock_minimo >= 0) ENABLE;
--------------------------------------------------------
--  Constraints for Table MAQUINARIA
--------------------------------------------------------

  ALTER TABLE "PROYECTO"."MAQUINARIA" MODIFY ("ID_MAQUINARIA" NOT NULL ENABLE);
  ALTER TABLE "PROYECTO"."MAQUINARIA" MODIFY ("TIPO" NOT NULL ENABLE);
  ALTER TABLE "PROYECTO"."MAQUINARIA" MODIFY ("ID_PROYECTO" NOT NULL ENABLE);
  ALTER TABLE "PROYECTO"."MAQUINARIA" ADD CONSTRAINT "PK_MAQUINARIA" PRIMARY KEY ("ID_MAQUINARIA")
  USING INDEX PCTFREE 10 INITRANS 20 MAXTRANS 255 COMPUTE STATISTICS 
  STORAGE(INITIAL 65536 NEXT 1048576 MINEXTENTS 1 MAXEXTENTS 2147483645
  PCTINCREASE 0 FREELISTS 1 FREELIST GROUPS 1
  BUFFER_POOL DEFAULT FLASH_CACHE DEFAULT CELL_FLASH_CACHE DEFAULT)
  TABLESPACE "DATA"  ENABLE;
  ALTER TABLE "PROYECTO"."MAQUINARIA" ADD UNIQUE ("PLACA")
  USING INDEX PCTFREE 10 INITRANS 20 MAXTRANS 255 COMPUTE STATISTICS 
  STORAGE(INITIAL 65536 NEXT 1048576 MINEXTENTS 1 MAXEXTENTS 2147483645
  PCTINCREASE 0 FREELISTS 1 FREELIST GROUPS 1
  BUFFER_POOL DEFAULT FLASH_CACHE DEFAULT CELL_FLASH_CACHE DEFAULT)
  TABLESPACE "DATA"  ENABLE;
  ALTER TABLE "PROYECTO"."MAQUINARIA" ADD CONSTRAINT "CK_ESTADO_MAQUINARIA" CHECK (estado IN ('Disponible','En Uso')) ENABLE;
--------------------------------------------------------
--  Constraints for Table ORDENES_COMPRA
--------------------------------------------------------

  ALTER TABLE "PROYECTO"."ORDENES_COMPRA" MODIFY ("ID_ORDEN_COMPRA" NOT NULL ENABLE);
  ALTER TABLE "PROYECTO"."ORDENES_COMPRA" MODIFY ("FECHA" NOT NULL ENABLE);
  ALTER TABLE "PROYECTO"."ORDENES_COMPRA" MODIFY ("ID_PROVEEDOR" NOT NULL ENABLE);
  ALTER TABLE "PROYECTO"."ORDENES_COMPRA" ADD CONSTRAINT "PK_ORDENES_COMPRA" PRIMARY KEY ("ID_ORDEN_COMPRA")
  USING INDEX PCTFREE 10 INITRANS 20 MAXTRANS 255 COMPUTE STATISTICS 
  STORAGE(INITIAL 65536 NEXT 1048576 MINEXTENTS 1 MAXEXTENTS 2147483645
  PCTINCREASE 0 FREELISTS 1 FREELIST GROUPS 1
  BUFFER_POOL DEFAULT FLASH_CACHE DEFAULT CELL_FLASH_CACHE DEFAULT)
  TABLESPACE "DATA"  ENABLE;
--------------------------------------------------------
--  Constraints for Table PROVEEDORES
--------------------------------------------------------

  ALTER TABLE "PROYECTO"."PROVEEDORES" MODIFY ("ID_PROVEEDOR" NOT NULL ENABLE);
  ALTER TABLE "PROYECTO"."PROVEEDORES" MODIFY ("NOMBRE" NOT NULL ENABLE);
  ALTER TABLE "PROYECTO"."PROVEEDORES" ADD CONSTRAINT "PK_PROVEEDORES" PRIMARY KEY ("ID_PROVEEDOR")
  USING INDEX PCTFREE 10 INITRANS 20 MAXTRANS 255 COMPUTE STATISTICS 
  STORAGE(INITIAL 65536 NEXT 1048576 MINEXTENTS 1 MAXEXTENTS 2147483645
  PCTINCREASE 0 FREELISTS 1 FREELIST GROUPS 1
  BUFFER_POOL DEFAULT FLASH_CACHE DEFAULT CELL_FLASH_CACHE DEFAULT)
  TABLESPACE "DATA"  ENABLE;
--------------------------------------------------------
--  Constraints for Table PROYECTO
--------------------------------------------------------

  ALTER TABLE "PROYECTO"."PROYECTO" MODIFY ("ID_PROYECTO" NOT NULL ENABLE);
  ALTER TABLE "PROYECTO"."PROYECTO" MODIFY ("NOMBRE_PROYECTO" NOT NULL ENABLE);
  ALTER TABLE "PROYECTO"."PROYECTO" MODIFY ("UBICACION" NOT NULL ENABLE);
  ALTER TABLE "PROYECTO"."PROYECTO" MODIFY ("FECHA_INICIO" NOT NULL ENABLE);
  ALTER TABLE "PROYECTO"."PROYECTO" MODIFY ("ID_CLIENTE" NOT NULL ENABLE);
  ALTER TABLE "PROYECTO"."PROYECTO" ADD CONSTRAINT "PK_PROYECTO" PRIMARY KEY ("ID_PROYECTO")
  USING INDEX PCTFREE 10 INITRANS 20 MAXTRANS 255 COMPUTE STATISTICS 
  STORAGE(INITIAL 65536 NEXT 1048576 MINEXTENTS 1 MAXEXTENTS 2147483645
  PCTINCREASE 0 FREELISTS 1 FREELIST GROUPS 1
  BUFFER_POOL DEFAULT FLASH_CACHE DEFAULT CELL_FLASH_CACHE DEFAULT)
  TABLESPACE "DATA"  ENABLE;
--------------------------------------------------------
--  Ref Constraints for Table ASIGNACION_MAQUINARIA
--------------------------------------------------------

  ALTER TABLE "PROYECTO"."ASIGNACION_MAQUINARIA" ADD CONSTRAINT "FK_ASIG_MAQUINARIA" FOREIGN KEY ("ID_MAQUINARIA")
	  REFERENCES "PROYECTO"."MAQUINARIA" ("ID_MAQUINARIA") ENABLE;
  ALTER TABLE "PROYECTO"."ASIGNACION_MAQUINARIA" ADD CONSTRAINT "FK_ASIG_PROYECTO_MAQUINARIA" FOREIGN KEY ("ID_PROYECTO")
	  REFERENCES "PROYECTO"."PROYECTO" ("ID_PROYECTO") ENABLE;
--------------------------------------------------------
--  Ref Constraints for Table ASIGNACION_PROYECTO
--------------------------------------------------------

  ALTER TABLE "PROYECTO"."ASIGNACION_PROYECTO" ADD CONSTRAINT "FK_ASIG_PROYECTO" FOREIGN KEY ("ID_EMPLEADO")
	  REFERENCES "PROYECTO"."EMPLEADOS" ("ID_EMPLEADO") ENABLE;
  ALTER TABLE "PROYECTO"."ASIGNACION_PROYECTO" ADD CONSTRAINT "FK_ASIG__PROYECTO" FOREIGN KEY ("ID_PROYECTO")
	  REFERENCES "PROYECTO"."PROYECTO" ("ID_PROYECTO") ENABLE;
--------------------------------------------------------
--  Ref Constraints for Table CONTROL_COMBUSTIBLE
--------------------------------------------------------

  ALTER TABLE "PROYECTO"."CONTROL_COMBUSTIBLE" ADD CONSTRAINT "FK_COMBUSTIBLE_MAQUINARIA" FOREIGN KEY ("ID_MAQUINARIA")
	  REFERENCES "PROYECTO"."MAQUINARIA" ("ID_MAQUINARIA") ENABLE;
  ALTER TABLE "PROYECTO"."CONTROL_COMBUSTIBLE" ADD CONSTRAINT "FK_COMBUSTIBLE_PROYECTO" FOREIGN KEY ("ID_PROYECTO")
	  REFERENCES "PROYECTO"."PROYECTO" ("ID_PROYECTO") ENABLE;
--------------------------------------------------------
--  Ref Constraints for Table DETALLE_ORDEN_COMPRA
--------------------------------------------------------

  ALTER TABLE "PROYECTO"."DETALLE_ORDEN_COMPRA" ADD CONSTRAINT "FK_DETALLE_ORDEN" FOREIGN KEY ("ID_ORDEN_COMPRA")
	  REFERENCES "PROYECTO"."ORDENES_COMPRA" ("ID_ORDEN_COMPRA") ENABLE;
  ALTER TABLE "PROYECTO"."DETALLE_ORDEN_COMPRA" ADD CONSTRAINT "FK_DETALLE_INVENTARIO" FOREIGN KEY ("ID_MATERIAL")
	  REFERENCES "PROYECTO"."INVENTARIO" ("ID_MATERIAL") ENABLE;
--------------------------------------------------------
--  Ref Constraints for Table MAQUINARIA
--------------------------------------------------------

  ALTER TABLE "PROYECTO"."MAQUINARIA" ADD CONSTRAINT "FK_MAQUINARIA_PROYECTO" FOREIGN KEY ("ID_PROYECTO")
	  REFERENCES "PROYECTO"."PROYECTO" ("ID_PROYECTO") ENABLE;
--------------------------------------------------------
--  Ref Constraints for Table ORDENES_COMPRA
--------------------------------------------------------

  ALTER TABLE "PROYECTO"."ORDENES_COMPRA" ADD CONSTRAINT "FK_ORDEN_PROVEEDOR" FOREIGN KEY ("ID_PROVEEDOR")
	  REFERENCES "PROYECTO"."PROVEEDORES" ("ID_PROVEEDOR") ENABLE;
--------------------------------------------------------
--  Ref Constraints for Table PROYECTO
--------------------------------------------------------

  ALTER TABLE "PROYECTO"."PROYECTO" ADD CONSTRAINT "FK_CLIENTES" FOREIGN KEY ("ID_CLIENTE")
	  REFERENCES "PROYECTO"."CLIENTES" ("ID_CLIENTE") ENABLE;
